seed,data,method,wandb_url,Accuracy,TPR,TNR,Renyi preds and s,Accuracy_colour_1.0,Accuracy_colour_0.0,Accuracy_colour_0.0-colour_1.0,Accuracy_colour_0.0÷colour_1.0,prob_pos_colour_1.0,prob_pos_colour_0.0,prob_pos_colour_0.0-colour_1.0,prob_pos_colour_0.0÷colour_1.0,TPR_colour_1.0,TPR_colour_0.0,TPR_colour_0.0-colour_1.0,TPR_colour_0.0÷colour_1.0,TNR_colour_1.0,TNR_colour_0.0,TNR_colour_0.0-colour_1.0,TNR_colour_0.0÷colour_1.0,eta
1,baseline,"dro",(None),0.7651439920556107,0.5213849287169042,0.997093023255814,0.5644253895575759,0.9971291866028709,0.5149638802889577,0.4821653063139132,0.5164465018252982,0.49282296650717705,0.0,0.49282296650717705,0.0,1.0,0.0,1.0,0.0,0.9943714821763602,1.0,0.0056285178236398226,0.9943714821763602,0.01
1,baseline,"dro",(None),0.7646474677259185,0.5203665987780041,0.997093023255814,0.5636891470885833,0.9961722488038277,0.5149638802889577,0.48120836851487003,0.5169426079749864,0.49186602870813395,0.0,0.49186602870813395,0.0,0.998046875,0.0,0.998046875,0.0,0.9943714821763602,1.0,0.0056285178236398226,0.9943714821763602,0.1
1,baseline,"dro",(None),0.7651439920556107,0.5203665987780041,0.998062015503876,0.5629529246722215,0.9971291866028709,0.5149638802889577,0.4821653063139132,0.5164465018252982,0.4909090909090909,0.0,0.4909090909090909,0.0,0.998046875,0.0,0.998046875,0.0,0.9962476547842402,1.0,0.0037523452157598447,0.9962476547842402,0.3
1,baseline,"dro",(None),0.5019860973187686,0.5213849287169042,0.48352713178294576,0.9999999999999999,0.48995215311004786,0.5149638802889577,0.025011727178909815,0.9514301329932593,1.0,0.0,1.0,0.0,1.0,0.0,1.0,0.0,0.0,1.0,1.0,0.0,1.0
2,baseline,"dro",(None),0.766137040714995,0.5244399185336049,0.9961240310077519,0.5753213738555039,0.5249237029501526,0.9961202715809894,0.4711965686308368,0.526968196437787,0.0,0.5033947623666344,0.5033947623666344,0.0,0.0,1.0,1.0,0.0,1.0,0.9922480620155039,0.007751937984496138,0.9922480620155039,0.01
2,baseline,"dro",(None),0.7656405163853028,0.5244399185336049,0.9951550387596899,0.576068063773702,0.5249237029501526,0.9951503394762367,0.4702266365260841,0.5274818106643346,0.0,0.504364694471387,0.504364694471387,0.0,0.0,1.0,1.0,0.0,1.0,0.9903100775193798,0.009689922480620172,0.9903100775193798,0.1
2,baseline,"dro",(None),0.766137040714995,0.5244399185336049,0.9961240310077519,0.5753213738555039,0.5249237029501526,0.9961202715809894,0.4711965686308368,0.526968196437787,0.0,0.5033947623666344,0.5033947623666344,0.0,0.0,1.0,1.0,0.0,1.0,0.9922480620155039,0.007751937984496138,0.9922480620155039,0.3
2,baseline,"dro",(None),0.6598808341608738,0.5234215885947047,0.7897286821705426,0.7370429332876784,0.5249237029501526,0.7885548011639185,0.26363109821376596,0.665678152203699,0.0,0.7090203685741998,0.7090203685741998,0.0,0.0,0.9980582524271845,0.9980582524271845,0.0,1.0,0.5794573643410853,0.4205426356589147,0.5794573643410853,1.0
3,baseline,"dro",(None),0.7651439920556107,0.5193482688391039,0.999031007751938,0.5609224162662126,0.512396694214876,0.9990439770554493,0.48664728284057335,0.512887025979675,0.0,0.48852772466539196,0.48852772466539196,0.0,0.0,1.0,1.0,0.0,1.0,0.9981343283582089,0.001865671641791078,0.9981343283582089,0.01
3,baseline,"dro",(None),0.7651439920556107,0.5183299389002036,1.0,0.5594515450564769,0.512396694214876,0.9990439770554493,0.48664728284057335,0.512887025979675,0.0,0.48661567877629064,0.48661567877629064,0.0,0.0,0.9980392156862745,0.9980392156862745,0.0,1.0,1.0,0.0,1.0,0.1
3,baseline,"dro",(None),0.7656405163853028,0.5193482688391039,1.0,0.5601869744293674,0.512396694214876,1.0,0.487603305785124,0.512396694214876,0.0,0.4875717017208413,0.4875717017208413,0.0,0.0,1.0,1.0,0.0,1.0,1.0,0.0,1.0,0.3
3,baseline,"dro",(None),0.5124131082423039,0.0,1.0,1.0,0.512396694214876,0.5124282982791587,3.160406428270868e-05,0.9999383249044035,0.0,0.0,0.0,nan,0.0,0.0,0.0,nan,1.0,1.0,0.0,1.0,1.0
4,baseline,"dro",(None),0.7487586891757696,0.48574338085539714,0.999031007751938,0.561184961507622,0.999000999000999,0.5014807502467917,0.4975202487542073,0.5019822309970385,0.4775224775224775,0.0,0.4775224775224775,0.0,1.0,0.0,1.0,0.0,0.9980916030534351,1.0,0.001908396946564861,0.9980916030534351,0.01
4,baseline,"dro",(None),0.7497517378351539,0.48778004073319753,0.999031007751938,0.5557318490960752,0.998001998001998,0.5044422507403751,0.4935597472616229,0.5054521451362517,0.47652347652347654,0.0029615004935834156,0.47356197602989314,0.006214805019029348,0.9979035639412998,0.005940594059405941,0.9919629698818938,0.005953074299026541,0.9980916030534351,1.0,0.001908396946564861,0.9980916030534351,0.1
4,baseline,"dro",(None),0.7502482621648461,0.48879837067209775,0.999031007751938,0.5565064077643491,0.999000999000999,0.5044422507403751,0.49455874826062396,0.5049466929911154,0.4775224775224775,0.0029615004935834156,0.4745609770288941,0.0062018033348891196,1.0,0.005940594059405941,0.994059405940594,0.005940594059405941,0.9980916030534351,1.0,0.001908396946564861,0.9980916030534351,0.3
4,baseline,"dro",(None),0.5,0.48574338085539714,0.5135658914728682,0.9783829030901919,0.4985014985014985,0.5014807502467917,0.002979251745293232,0.9940590905157833,0.978021978021978,0.0,0.978021978021978,0.0,1.0,0.0,1.0,0.0,0.04198473282442748,1.0,0.9580152671755725,0.04198473282442748,1.0
5,baseline,"dro",(None),0.7636544190665343,0.5173116089613035,0.998062015503876,0.5794350664359427,0.5269461077844312,0.9980237154150198,0.4710776076305886,0.5279895654236083,0.0,0.5039525691699605,0.5039525691699605,0.0,0.0,1.0,1.0,0.0,1.0,0.996031746031746,0.003968253968253954,0.996031746031746,0.01
5,baseline,"dro",(None),0.7636544190665343,0.5173116089613035,0.998062015503876,0.5794350664359427,0.5269461077844312,0.9980237154150198,0.4710776076305886,0.5279895654236083,0.0,0.5039525691699605,0.5039525691699605,0.0,0.0,1.0,1.0,0.0,1.0,0.996031746031746,0.003968253968253954,0.996031746031746,0.1
5,baseline,"dro",(None),0.7264150943396226,0.5173116089613035,0.9253875968992248,0.6366568602669226,0.5269461077844312,0.9239130434782609,0.3969669356938297,0.5703416696019725,0.0,0.5780632411067194,0.5780632411067194,0.0,0.0,1.0,1.0,0.0,1.0,0.8472222222222222,0.1527777777777778,0.8472222222222222,0.3
5,baseline,"dro",(None),0.5124131082423039,0.0,1.0,1.0,0.5269461077844312,0.4980237154150198,0.02892239236941141,0.9451131872080488,0.0,0.0,0.0,nan,0.0,0.0,0.0,nan,1.0,1.0,0.0,1.0,1.0
6,baseline,"dro",(None),0.7696127110228401,0.5295315682281059,0.998062015503876,0.5891497919434732,0.53938185443669,0.9980217606330366,0.45863990619634665,0.5404509958726398,0.0,0.516320474777448,0.516320474777448,0.0,0.0,1.0,1.0,0.0,1.0,0.9959266802443992,0.004073319755600768,0.9959266802443992,0.01
6,baseline,"dro",(None),0.7696127110228401,0.5295315682281059,0.998062015503876,0.5891497919434732,0.53938185443669,0.9980217606330366,0.45863990619634665,0.5404509958726398,0.0,0.516320474777448,0.516320474777448,0.0,0.0,1.0,1.0,0.0,1.0,0.9959266802443992,0.004073319755600768,0.9959266802443992,0.1
6,baseline,"dro",(None),0.7701092353525323,0.5305498981670062,0.998062015503876,0.5876466938530612,0.5403788634097707,0.9980217606330366,0.4576428972232659,0.5414499810775799,0.0009970089730807576,0.516320474777448,0.5153234658043673,0.0019309886432656055,0.0021645021645021645,1.0,0.9978354978354979,0.0021645021645021645,1.0,0.9959266802443992,0.004073319755600768,0.9959266802443992,0.3
6,baseline,"dro",(None),0.717974180734856,0.5295315682281059,0.8972868217054264,0.6689094358008437,0.53938185443669,0.8951533135509396,0.3557714591142497,0.6025580716414294,0.0,0.619188921859545,0.619188921859545,0.0,0.0,1.0,1.0,0.0,1.0,0.7841140529531568,0.21588594704684316,0.7841140529531568,1.0
7,baseline,"dro",(None),0.7562065541211519,0.5061099796334012,0.9941860465116279,0.5752517252856835,0.994059405940594,0.5169322709163346,0.4771271350242594,0.5200215075951176,0.498019801980198,0.0,0.498019801980198,0.0,1.0,0.0,1.0,0.0,0.9883040935672515,1.0,0.011695906432748537,0.9883040935672515,0.01
7,baseline,"dro",(None),0.7567030784508441,0.5071283095723014,0.9941860465116279,0.573721301125037,0.994059405940594,0.5179282868525896,0.47613111908800443,0.5210234758178441,0.498019801980198,0.00099601593625498,0.49702378604394304,0.001999952476376799,1.0,0.002061855670103093,0.9979381443298969,0.002061855670103093,0.9883040935672515,1.0,0.011695906432748537,0.9883040935672515,0.1
7,baseline,"dro",(None),0.7576961271102284,0.5071283095723014,0.9961240310077519,0.5721939069711759,0.996039603960396,0.5179282868525896,0.4781113171078064,0.5199876438579677,0.49603960396039604,0.00099601593625498,0.49504358802414106,0.002007936318597864,1.0,0.002061855670103093,0.9979381443298969,0.002061855670103093,0.9922027290448343,1.0,0.007797270955165692,0.9922027290448343,0.3
7,baseline,"dro",(None),0.5124131082423039,0.0,1.0,1.0,0.5079207920792079,0.5169322709163346,0.009011478837126718,0.9825673896869456,0.0,0.0,0.0,nan,0.0,0.0,0.0,nan,1.0,1.0,0.0,1.0,1.0
8,baseline,"dro",(None),0.7517378351539226,0.4969450101832994,0.9941860465116279,0.5723567273388249,0.9930209371884346,0.5123639960435212,0.4806569411449134,0.5159649478229436,0.49252243270189433,0.0,0.49252243270189433,0.0,0.9979550102249489,0.0,0.9979550102249489,0.0,0.9883268482490273,1.0,0.011673151750972721,0.9883268482490273,0.01
8,baseline,"dro",(None),0.7517378351539226,0.4969450101832994,0.9941860465116279,0.5723567273388249,0.9930209371884346,0.5123639960435212,0.4806569411449134,0.5159649478229436,0.49252243270189433,0.0,0.49252243270189433,0.0,0.9979550102249489,0.0,0.9979550102249489,0.0,0.9883268482490273,1.0,0.011673151750972721,0.9883268482490273,0.1
8,baseline,"dro",(None),0.7631578947368421,0.5183299389002036,0.9961240310077519,0.5413554432054531,0.996011964107677,0.5321463897131553,0.4638655743945217,0.534277105988283,0.4915254237288136,0.019782393669634024,0.47174303005917956,0.04024693884511749,1.0,0.04056795131845842,0.9594320486815415,0.04056795131845842,0.9922178988326849,1.0,0.0077821011673151474,0.9922178988326849,0.3
8,baseline,"dro",(None),0.5,0.4979633401221996,0.501937984496124,1.0,0.48753738783649053,0.5123639960435212,0.024826608207030698,0.9515449789627258,1.0,0.0,1.0,0.0,1.0,0.0,1.0,0.0,0.0,1.0,1.0,0.0,1.0
9,baseline,"dro",(None),0.7591857000993049,0.5071283095723014,0.999031007751938,0.5514586329238563,0.998997995991984,0.5236220472440944,0.4753759487478896,0.524147244884259,0.4879759519038076,0.011811023622047244,0.4761649282817604,0.02420411000986273,1.0,0.024193548387096774,0.9758064516129032,0.024193548387096774,0.998046875,1.0,0.001953125,0.998046875,0.01
9,baseline,"dro",(None),0.7720953326713009,0.5346232179226069,0.998062015503876,0.510289095444753,0.996993987975952,0.5511811023622047,0.4458128856137472,0.552842954932141,0.4879759519038076,0.03937007874015748,0.44860587316365014,0.08068036669954244,0.9979423868312757,0.08064516129032258,0.917297225540953,0.08081143997339542,0.99609375,1.0,0.00390625,0.99609375,0.1
9,baseline,"dro",(None),0.766137040714995,0.5224032586558045,0.998062015503876,0.5276658002559893,0.996993987975952,0.5393700787401575,0.45762390923579443,0.5409963201835951,0.4879759519038076,0.027559055118110236,0.46041689678569736,0.056476256689679705,0.9979423868312757,0.056451612903225805,0.9414907739280499,0.05656800798137679,0.99609375,1.0,0.00390625,0.99609375,0.3
9,baseline,"dro",(None),0.7279046673286991,0.49490835030549896,0.9496124031007752,0.6091574253375895,0.9478957915831663,0.5118110236220472,0.43608476796111906,0.5399443991276989,0.5390781563126252,0.0,0.5390781563126252,0.0,1.0,0.0,1.0,0.0,0.8984375,1.0,0.1015625,0.8984375,1.0
10,baseline,"dro",(None),0.753227408142999,0.4979633401221996,0.9961240310077519,0.5631377390160994,0.9960707269155207,0.5050200803212851,0.4910506465942356,0.5070122699872468,0.48428290766208254,0.0,0.48428290766208254,0.0,1.0,0.0,1.0,0.0,0.9924385633270322,1.0,0.007561436672967825,0.9924385633270322,0.01
10,baseline,"dro",(None),0.7537239324726912,0.4979633401221996,0.997093023255814,0.5623814735882997,0.9970530451866405,0.5050200803212851,0.4920329648653554,0.5065127505094268,0.48330058939096265,0.0,0.48330058939096265,0.0,1.0,0.0,1.0,0.0,0.994328922495274,1.0,0.005671077504725952,0.994328922495274,0.1
10,baseline,"dro",(None),0.7542204568023834,0.4979633401221996,0.998062015503876,0.5616251849311004,0.9980353634577603,0.5050200803212851,0.49301528313647525,0.5060142143376656,0.4823182711198428,0.0,0.4823182711198428,0.0,1.0,0.0,1.0,0.0,0.996219281663516,1.0,0.003780718336483968,0.996219281663516,0.3
10,baseline,"dro",(None),0.685700099304866,0.49490835030549896,0.8672480620155039,0.661966845695045,0.862475442043222,0.5050200803212851,0.3574553617219369,0.5855472001902827,0.611984282907662,0.0,0.611984282907662,0.0,0.9938650306748467,0.0,0.9938650306748467,0.0,0.7410207939508506,1.0,0.25897920604914937,0.7410207939508506,1.0
11,baseline,"dro",(None),0.7512413108242304,0.4979633401221996,0.9922480620155039,0.5752303598863244,0.5128458498023716,0.9920159680638723,0.4791701182615007,0.5169733817927327,0.0,0.49600798403193613,0.49600798403193613,0.0,0.0,1.0,1.0,0.0,1.0,0.9844054580896686,0.015594541910331383,0.9844054580896686,0.01
11,baseline,"dro",(None),0.7651439920556107,0.5254582484725051,0.9932170542635659,0.5340557033645088,0.5395256916996047,0.9930139720558883,0.4534882803562835,0.5433213498321647,0.0266798418972332,0.49500998003992014,0.4683301381426869,0.053897583832717075,0.05476673427991886,1.0,0.9452332657200812,0.05476673427991886,1.0,0.98635477582846,0.013645224171540016,0.98635477582846,0.1
11,baseline,"dro",(None),0.817279046673287,0.6344195519348269,0.9912790697674418,0.3928458508323156,0.6452569169960475,0.9910179640718563,0.3457610470758088,0.6511051669990329,0.1324110671936759,0.49700598802395207,0.36459492083027617,0.2664174484499262,0.2718052738336714,1.0,0.7281947261663286,0.2718052738336714,1.0,0.9824561403508771,0.01754385964912286,0.9824561403508771,0.3
11,baseline,"dro",(None),0.7204568023833168,0.4979633401221996,0.9321705426356589,0.6229178884487063,0.5128458498023716,0.9301397205588823,0.4172938707565107,0.5513643149162836,0.0,0.5578842315369261,0.5578842315369261,0.0,0.0,1.0,1.0,0.0,1.0,0.8635477582846004,0.1364522417153996,0.8635477582846004,1.0
12,baseline,"dro",(None),0.7711022840119166,0.5346232179226069,0.9961240310077519,0.5776003104415013,0.9961538461538462,0.5308008213552361,0.46535302479861007,0.5328502453759126,0.5086538461538461,0.0,0.5086538461538461,0.0,1.0,0.0,1.0,0.0,0.9922330097087378,1.0,0.007766990291262155,0.9922330097087378,0.01
12,baseline,"dro",(None),0.7711022840119166,0.5346232179226069,0.9961240310077519,0.5776003104415013,0.9961538461538462,0.5308008213552361,0.46535302479861007,0.5328502453759126,0.5086538461538461,0.0,0.5086538461538461,0.0,1.0,0.0,1.0,0.0,0.9922330097087378,1.0,0.007766990291262155,0.9922330097087378,0.1
12,baseline,"dro",(None),0.7715988083416088,0.5346232179226069,0.997093023255814,0.5768599199305494,0.9971153846153846,0.5308008213552361,0.46631456326014853,0.5323364071450777,0.5076923076923077,0.0,0.5076923076923077,0.0,1.0,0.0,1.0,0.0,0.9941747572815534,1.0,0.005825242718446644,0.9941747572815534,0.3
12,baseline,"dro",(None),0.5536246276067527,0.09164969450101833,0.9932170542635659,0.23244060754097026,0.4951923076923077,0.6160164271047228,0.12082411941241511,0.8038621794871795,0.0,0.09958932238193019,0.09958932238193019,0.0,0.0,0.19693654266958424,0.19693654266958424,0.0,1.0,0.9864603481624759,0.013539651837524147,0.9864603481624759,1.0
13,baseline,"dro",(None),0.7552135054617676,0.4979633401221996,1.0,0.5724844932078601,0.998995983935743,0.5166994106090373,0.4822965733267056,0.5172187064990967,0.49096385542168675,0.0,0.49096385542168675,0.0,0.9979591836734694,0.0,0.9979591836734694,0.0,1.0,1.0,0.0,1.0,0.01
13,baseline,"dro",(None),0.7547169811320755,0.4979633401221996,0.999031007751938,0.5732575408300908,0.9979919678714859,0.5166994106090373,0.4812925572624486,0.5177390472501018,0.4919678714859438,0.0,0.4919678714859438,0.0,0.9979591836734694,0.0,0.9979591836734694,0.0,0.9980237154150198,1.0,0.0019762845849802257,0.9980237154150198,0.1
13,baseline,"dro",(None),0.7557100297914597,0.5010183299389002,0.998062015503876,0.5671167323189351,0.9959839357429718,0.5206286836935167,0.47535525204945517,0.5227279929019583,0.4919678714859438,0.003929273084479371,0.4880385984014644,0.007986848963553986,0.9959183673469387,0.008130081300813009,0.9877882860461257,0.00816340130614421,0.9960474308300395,1.0,0.0039525691699604515,0.9960474308300395,0.3
13,baseline,"dro",(None),0.5551142005958292,0.5173116089613035,0.5910852713178295,0.8965798431208045,0.5783132530120482,0.5324165029469549,0.045896750065093306,0.9206368696791095,0.9136546184738956,0.019646365422396856,0.8940082530514988,0.02150305490187612,1.0,0.036585365853658534,0.9634146341463414,0.036585365853658534,0.16996047430830039,0.9961977186311787,0.8262372443228783,0.17060917840871376,1.0
14,baseline,"dro",(None),0.7671300893743793,0.5274949083503055,0.9951550387596899,0.5568076203352005,0.9949899799599199,0.5433070866141733,0.4516828933457466,0.5460427718438519,0.5060120240480962,0.017716535433070866,0.4882954886150253,0.03501208388555391,1.0,0.03734439834024896,0.9626556016597511,0.03734439834024896,0.9899598393574297,1.0,0.010040160642570295,0.9899598393574297,0.01
14,baseline,"dro",(None),0.7879841112214498,0.5712830957230143,0.9941860465116279,0.4969002672729196,0.9939879759519038,0.5856299212598425,0.4083580546920613,0.5891720377190754,0.5070140280561122,0.060039370078740155,0.446974657977372,0.11841757181538079,1.0,0.12655601659751037,0.8734439834024896,0.12655601659751037,0.9879518072289156,1.0,0.012048192771084376,0.9879518072289156,0.1
14,baseline,"dro",(None),0.7621648460774578,0.5132382892057027,0.999031007751938,0.5745258630367774,0.998997995991984,0.5295275590551181,0.46947043693686596,0.5300586799769386,0.5020040080160321,0.003937007874015748,0.4980670001420163,0.007842582551432567,1.0,0.008298755186721992,0.991701244813278,0.008298755186721992,0.9979919678714859,1.0,0.002008032128514081,0.9979919678714859,0.3
14,baseline,"dro",(None),0.5143992055610725,0.5091649694501018,0.5193798449612403,0.9980156775267147,0.503006012024048,0.5255905511811023,0.022584539157054273,0.9570301651993125,0.9979959919839679,0.0,0.9979959919839679,0.0,1.0,0.0,1.0,0.0,0.004016064257028112,1.0,0.9959839357429718,0.004016064257028112,1.0
15,baseline,"dro",(None),0.7651439920556107,0.5203665987780041,0.998062015503876,0.5096358248590181,0.5395894428152492,0.9979818365287588,0.4583923937135096,0.5406806247016299,0.03616813294232649,0.4803229061553986,0.44415477321307206,0.07529962131480158,0.07283464566929133,1.0,0.9271653543307087,0.07283464566929133,1.0,0.9961315280464217,0.003868471953578312,0.9961315280464217,0.01
15,baseline,"dro",(None),0.8177755710029792,0.6272912423625254,0.999031007751938,0.3649738686816018,0.6441837732160313,0.9969727547931383,0.35278898157710703,0.6461397968189139,0.14076246334310852,0.4772956609485368,0.3365331976054283,0.2949167043827073,0.28346456692913385,0.9957805907172996,0.7123160237881658,0.2846656879754437,1.0,0.9980657640232108,0.0019342359767892114,0.9980657640232108,0.1
15,baseline,"dro",(None),0.8043694141012909,0.59979633401222,0.999031007751938,0.4008507415490713,0.6168132942326491,0.9979818365287588,0.38116854229610975,0.6180606416426241,0.11339198435972629,0.4783047426841574,0.3649127583244311,0.23707058333436448,0.2283464566929134,0.9978902953586498,0.7695438386657364,0.22882921875780327,1.0,0.9980657640232108,0.0019342359767892114,0.9980657640232108,0.3
15,baseline,"dro",(None),0.7259185700099305,0.47963340122199594,0.9602713178294574,0.5931998107021352,0.5034213098729228,0.9556004036326943,0.4521790937597715,0.5268115291278421,0.0,0.5166498486377397,0.5166498486377397,0.0,0.0,0.9936708860759493,0.9936708860759493,0.0,1.0,0.9206963249516441,0.07930367504835589,0.9206963249516441,1.0
16,baseline,"dro",(None),0.7432969215491559,0.4775967413441955,0.9961240310077519,0.5623398527430223,0.9959677419354839,0.4980430528375734,0.4979246890979105,0.5000594214725433,0.47681451612903225,0.0,0.47681451612903225,0.0,1.0,0.0,1.0,0.0,0.9923518164435946,1.0,0.007648183556405397,0.9923518164435946,0.01
16,baseline,"dro",(None),0.746772591857001,0.4847250509164969,0.9961240310077519,0.5514595815401125,0.9959677419354839,0.5048923679060665,0.49107537402941737,0.5069364665615567,0.47681451612903225,0.00684931506849315,0.4699652010605391,0.014364736887833416,1.0,0.01364522417153996,0.9863547758284601,0.01364522417153996,0.9923518164435946,1.0,0.007648183556405397,0.9923518164435946,0.1
16,baseline,"dro",(None),0.7720953326713009,0.5376782077393075,0.9951550387596899,0.4738344745415443,0.9939516129032258,0.5567514677103719,0.4372001451928539,0.5601394076761551,0.47681451612903225,0.05870841487279843,0.4181061012562338,0.12312631618142927,0.997867803837953,0.11695906432748537,0.8809087395104677,0.11720897685809967,0.9904397705544933,1.0,0.009560229445506718,0.9904397705544933,0.3
16,baseline,"dro",(None),0.5183714001986097,0.012219959266802444,1.0,0.07627618697000342,0.5272177419354839,0.5097847358121331,0.017433006123350747,0.9669339539687114,0.0,0.011741682974559686,0.011741682974559686,0.0,0.0,0.023391812865497075,0.023391812865497075,0.0,1.0,1.0,0.0,1.0,1.0
17,baseline,"dro",(None),0.7408142999006951,0.4786150712830957,0.9903100775193798,0.5665746580163544,0.98989898989899,0.5,0.48989898989898994,0.5051020408163265,0.48383838383838385,0.0009765625,0.48286182133838385,0.002018365083507307,1.0,0.001949317738791423,0.9980506822612085,0.001949317738791423,0.980806142034549,1.0,0.019193857965451033,0.980806142034549,0.01
17,baseline,"dro",(None),0.7408142999006951,0.4786150712830957,0.9903100775193798,0.5665746580163544,0.98989898989899,0.5,0.48989898989898994,0.5051020408163265,0.48383838383838385,0.0009765625,0.48286182133838385,0.002018365083507307,1.0,0.001949317738791423,0.9980506822612085,0.001949317738791423,0.980806142034549,1.0,0.019193857965451033,0.980806142034549,0.1
17,baseline,"dro",(None),0.746772591857001,0.48778004073319753,0.9932170542635659,0.5503612095082071,0.9929292929292929,0.5087890625,0.4841402304292929,0.5124121789165819,0.4808080808080808,0.009765625,0.4710424558080808,0.020310858718487396,1.0,0.01949317738791423,0.9805068226120858,0.01949317738791423,0.9865642994241842,1.0,0.013435700575815779,0.9865642994241842,0.3
17,baseline,"dro",(None),0.48659384309831183,0.4775967413441955,0.4951550387596899,1.0,0.47373737373737373,0.4990234375,0.025286063762626265,0.9493289054932891,1.0,0.0,1.0,0.0,1.0,0.0,1.0,0.0,0.0,1.0,1.0,0.0,1.0
18,baseline,"dro",(None),0.7497517378351539,0.48879837067209775,0.998062015503876,0.5601689859641117,0.998,0.504930966469428,0.49306903353057197,0.5059428521737755,0.48,0.0019723865877712033,0.47802761341222877,0.004109138724523341,1.0,0.003968253968253968,0.996031746031746,0.003968253968253968,0.9961685823754789,1.0,0.003831417624521105,0.9961685823754789,0.01
18,baseline,"dro",(None),0.7502482621648461,0.48981670061099797,0.998062015503876,0.5562908512239934,0.997,0.5069033530571992,0.49009664694280075,0.5084286389741216,0.479,0.0039447731755424065,0.47505522682445755,0.008235434604472664,0.997907949790795,0.007936507936507936,0.9899714418542871,0.007953146317926192,0.9961685823754789,1.0,0.003831417624521105,0.9961685823754789,0.1
18,baseline,"dro",(None),0.7492552135054618,0.48879837067209775,0.997093023255814,0.5586166885072432,0.996,0.5059171597633136,0.49008284023668636,0.5079489555856562,0.48,0.0029585798816568047,0.47704142011834316,0.00616370808678501,0.997907949790795,0.005952380952380952,0.9919555688384141,0.005964859738444643,0.9942528735632183,1.0,0.005747126436781658,0.9942528735632183,0.3
18,baseline,"dro",(None),0.5347567030784508,0.04684317718940937,0.999031007751938,0.15565595004346897,0.567,0.5029585798816568,0.06404142011834313,0.8870521691034513,0.047,0.0,0.047,0.0,0.09623430962343096,0.0,0.09623430962343096,0.0,0.9980842911877394,1.0,0.0019157088122605526,0.9980842911877394,1.0
19,baseline,"dro",(None),0.7537239324726912,0.4969450101832994,0.998062015503876,0.5732575408300908,0.5147347740667977,0.9979919678714859,0.48325719380468823,0.5157704577168315,0.0,0.4919678714859438,0.4919678714859438,0.0,0.0,1.0,1.0,0.0,1.0,0.9960629921259843,0.003937007874015741,0.9960629921259843,0.01
19,baseline,"dro",(None),0.7537239324726912,0.4969450101832994,0.998062015503876,0.5732575408300908,0.5147347740667977,0.9979919678714859,0.48325719380468823,0.5157704577168315,0.0,0.4919678714859438,0.4919678714859438,0.0,0.0,1.0,1.0,0.0,1.0,0.9960629921259843,0.003937007874015741,0.9960629921259843,0.1
19,baseline,"dro",(None),0.7527308838133069,0.4969450101832994,0.9961240310077519,0.5748035543302101,0.5147347740667977,0.9959839357429718,0.48124916167617415,0.5168103175106155,0.0,0.4939759036144578,0.4939759036144578,0.0,0.0,1.0,1.0,0.0,1.0,0.9921259842519685,0.007874015748031482,0.9921259842519685,0.3
19,baseline,"dro",(None),0.5024826216484608,0.4969450101832994,0.5077519379844961,0.9999999999999999,0.5147347740667977,0.4899598393574297,0.02477493470936798,0.9518685428737851,0.0,1.0,1.0,0.0,0.0,1.0,1.0,0.0,1.0,0.0,1.0,0.0,1.0
20,baseline,"dro",(None),0.7616683217477657,0.5112016293279023,1.0,0.5297178794331405,0.999,0.5276134122287969,0.4713865877712031,0.5281415537825794,0.48,0.021696252465483234,0.45830374753451675,0.04520052596975674,0.997920997920998,0.043912175648702596,0.9540088222722953,0.04400365934797072,1.0,1.0,0.0,1.0,0.01
20,baseline,"dro",(None),0.7770605759682224,0.5427698574338086,1.0,0.4847851832984192,0.999,0.5581854043392505,0.44081459566074954,0.5587441484877382,0.48,0.05226824457593689,0.4277317554240631,0.10889217619986852,0.997920997920998,0.10578842315369262,0.8921325747673053,0.10600881570192948,1.0,1.0,0.0,1.0,0.1
20,baseline,"dro",(None),0.8704071499503475,0.7352342158859471,0.999031007751938,0.2505185689381536,0.999,0.7435897435897436,0.2554102564102564,0.744334077667411,0.48,0.23964497041420119,0.2403550295857988,0.4992603550295858,0.997920997920998,0.48303393213572854,0.5148870657852694,0.48404025282767793,1.0,0.9980506822612085,0.0019493177387914784,0.9980506822612085,0.3
20,baseline,"dro",(None),0.7388282025819265,0.4816700610997963,0.9835271317829457,0.5709847826757244,0.975,0.5059171597633136,0.46908284023668634,0.5188893946290396,0.49,0.0,0.49,0.0,0.9833679833679834,0.0,0.9833679833679834,0.0,0.9672447013487476,1.0,0.032755298651252374,0.9672447013487476,1.0
21,baseline,"dro",(None),0.7502482621648461,0.48981670061099797,0.998062015503876,0.5605616951287643,0.5024875621890548,0.9970267591674926,0.49453919697843784,0.5039860340444893,0.0,0.4786917740336967,0.4786917740336967,0.0,0.0,0.9979253112033195,0.9979253112033195,0.0,1.0,0.9962049335863378,0.003795066413662229,0.9962049335863378,0.01
21,baseline,"dro",(None),0.7502482621648461,0.4908350305498982,0.997093023255814,0.5620883374161788,0.5024875621890548,0.9970267591674926,0.49453919697843784,0.5039860340444893,0.0,0.48067393458870167,0.48067393458870167,0.0,0.0,1.0,1.0,0.0,1.0,0.9943074003795066,0.005692599620493399,0.9943074003795066,0.1
21,baseline,"dro",(None),0.7492552135054618,0.48981670061099797,0.9961240310077519,0.5620883374161788,0.5024875621890548,0.9950445986124876,0.49255703642343285,0.5049899902876058,0.0,0.48067393458870167,0.48067393458870167,0.0,0.0,0.9979253112033195,0.9979253112033195,0.0,1.0,0.9924098671726755,0.007590132827324458,0.9924098671726755,0.3
21,baseline,"dro",(None),0.7219463753723933,0.43075356415478616,0.999031007751938,0.515373179716081,0.5024875621890548,0.9405351833498513,0.43804762116079654,0.534257060325349,0.0,0.42021803766105054,0.42021803766105054,0.0,0.0,0.8775933609958506,0.8775933609958506,0.0,1.0,0.9981024667931688,0.00189753320683117,0.9981024667931688,1.0
22,baseline,"dro",(None),0.7651439920556107,0.5213849287169042,0.997093023255814,0.5678025415768002,0.9971126082771896,0.517948717948718,0.4791638903284716,0.5194485694485695,0.4956689124157844,0.0,0.4956689124157844,0.0,1.0,0.0,1.0,0.0,0.9943074003795066,1.0,0.005692599620493399,0.9943074003795066,0.01
22,baseline,"dro",(None),0.7646474677259185,0.5213849287169042,0.9961240310077519,0.5685432113050248,0.9961501443695862,0.517948717948718,0.47820142642086816,0.5199504521243652,0.4966313763233879,0.0,0.4966313763233879,0.0,1.0,0.0,1.0,0.0,0.9924098671726755,1.0,0.007590132827324458,0.9924098671726755,0.1
22,baseline,"dro",(None),0.7651439920556107,0.5213849287169042,0.997093023255814,0.5678025415768002,0.9971126082771896,0.517948717948718,0.4791638903284716,0.5194485694485695,0.4956689124157844,0.0,0.4956689124157844,0.0,1.0,0.0,1.0,0.0,0.9943074003795066,1.0,0.005692599620493399,0.9943074003795066,0.3
22,baseline,"dro",(None),0.5342601787487586,0.5845213849287169,0.48643410852713176,0.9372201675764759,0.49278152069297404,0.5784615384615385,0.08568001776856443,0.851882948006471,1.0,0.06666666666666667,0.9333333333333333,0.06666666666666667,1.0,0.13191489361702127,0.8680851063829788,0.13191489361702127,0.0,0.994059405940594,0.994059405940594,0.0,1.0
23,baseline,"dro",(None),0.7527308838133069,0.4969450101832994,0.9961240310077519,0.55824721960178,0.5074925074925075,0.9950641658440277,0.48757165835152017,0.5100098314384028,0.002997002997002997,0.4827245804540967,0.4797275774570937,0.006208515410969399,0.006048387096774193,0.9979423868312757,0.9918939997345014,0.006060857998004656,1.0,0.9924098671726755,0.007590132827324458,0.9924098671726755,0.01
23,baseline,"dro",(None),0.7552135054617676,0.5020366598778004,0.9961240310077519,0.5505538542182776,0.5124875124875125,0.9950641658440277,0.48257665335651523,0.515029613243899,0.007992007992007992,0.4827245804540967,0.4747325724620887,0.0165560410959184,0.016129032258064516,0.9979423868312757,0.9818133545732112,0.016162287994679083,1.0,0.9924098671726755,0.007590132827324458,0.9924098671726755,0.1
23,baseline,"dro",(None),0.7547169811320755,0.5020366598778004,0.9951550387596899,0.5513262383178884,0.5124875124875125,0.9940769990128332,0.48158948652532074,0.515541062710874,0.007992007992007992,0.4837117472852912,0.4757197392932832,0.016522253256947134,0.016129032258064516,0.9979423868312757,0.9818133545732112,0.016162287994679083,1.0,0.9905123339658444,0.009487666034155628,0.9905123339658444,0.3
23,baseline,"dro",(None),0.5054617676266137,0.49490835030549896,0.5155038759689923,0.9735409326385163,0.5044955044955045,0.506416584402764,0.0019210799072595375,0.996206522522312,0.0,0.9733464955577492,0.9733464955577492,0.0,0.0,1.0,1.0,0.0,1.0,0.051233396584440226,0.9487666034155597,0.051233396584440226,1.0
24,baseline,"dro",(None),0.7452830188679245,0.4786150712830957,0.999031007751938,0.5508503884765652,0.4900398406374502,0.999009900990099,0.5089700603526488,0.49052550945869644,0.0,0.46633663366336636,0.46633663366336636,0.0,0.0,1.0,1.0,0.0,1.0,0.9981481481481481,0.0018518518518518823,0.9981481481481481,0.01
24,baseline,"dro",(None),0.7447864945382324,0.4786150712830957,0.998062015503876,0.5516136213798596,0.4900398406374502,0.998019801980198,0.5079799613427478,0.49101214190855624,0.0,0.46732673267326735,0.46732673267326735,0.0,0.0,1.0,1.0,0.0,1.0,0.9962962962962963,0.0037037037037036535,0.9962962962962963,0.1
24,baseline,"dro",(None),0.7447864945382324,0.4786150712830957,0.998062015503876,0.5516136213798596,0.4900398406374502,0.998019801980198,0.5079799613427478,0.49101214190855624,0.0,0.46732673267326735,0.46732673267326735,0.0,0.0,1.0,1.0,0.0,1.0,0.9962962962962963,0.0037037037037036535,0.9962962962962963,0.3
24,baseline,"dro",(None),0.5124131082423039,0.0,1.0,1.0,0.4900398406374502,0.5346534653465347,0.044613624709084476,0.916555998229305,0.0,0.0,0.0,nan,0.0,0.0,0.0,nan,1.0,1.0,0.0,1.0,1.0
25,baseline,"dro",(None),0.7562065541211519,0.5071283095723014,0.9932170542635659,0.5756407714734695,0.5227722772277228,0.9910358565737052,0.4682635793459824,0.5275008706900841,0.0019801980198019802,0.500996015936255,0.499015817916453,0.0039525224888294,0.004132231404958678,0.9959839357429718,0.9918517043380132,0.00414889362836577,1.0,0.9861660079051383,0.013833992094861691,0.9861660079051383,0.01
25,baseline,"dro",(None),0.7571996027805362,0.5061099796334012,0.9961240310077519,0.5771560193372549,0.5207920792079208,0.9950199203187251,0.4742278411108043,0.5233986461709235,0.0,0.499003984063745,0.499003984063745,0.0,0.0,0.9979919678714859,0.9979919678714859,0.0,1.0,0.9920948616600791,0.007905138339920903,0.9920948616600791,0.1
25,baseline,"dro",(None),0.759682224428997,0.5101832993890021,0.997093023255814,0.5702858169666501,0.5247524752475248,0.9960159362549801,0.4712634610074553,0.5268514851485149,0.0039603960396039604,0.49800796812749004,0.4940475720878861,0.007952475247524753,0.008264462809917356,0.9979919678714859,0.9897275050615686,0.00828109150772403,1.0,0.9940711462450593,0.005928853754940677,0.9940711462450593,0.3
25,baseline,"dro",(None),0.522343594836147,0.020366598778004074,1.0,0.0998524189798842,0.5405940594059406,0.5039840637450199,0.03660999566092071,0.9322782131547072,0.019801980198019802,0.0,0.019801980198019802,0.0,0.04132231404958678,0.0,0.04132231404958678,0.0,1.0,1.0,0.0,1.0,1.0
26,baseline,"dro",(None),0.7611717974180735,0.5122199592668024,0.998062015503876,0.5581726208380907,0.9961649089165868,0.5087538619979403,0.48741104691864656,0.5107124909180478,0.4841802492809204,0.0,0.4841802492809204,0.0,0.996039603960396,0.0,0.996039603960396,0.0,0.9962825278810409,1.0,0.0037174721189591198,0.9962825278810409,0.01
26,baseline,"dro",(None),0.7611717974180735,0.5122199592668024,0.998062015503876,0.5581726208380907,0.9961649089165868,0.5087538619979403,0.48741104691864656,0.5107124909180478,0.4841802492809204,0.0,0.4841802492809204,0.0,0.996039603960396,0.0,0.996039603960396,0.0,0.9962825278810409,1.0,0.0037174721189591198,0.9962825278810409,0.1
26,baseline,"dro",(None),0.7621648460774578,0.5142566191446029,0.998062015503876,0.5596478172430447,0.9980824544582934,0.5087538619979403,0.4893285924603531,0.5097312949700785,0.48609779482262705,0.0,0.48609779482262705,0.0,1.0,0.0,1.0,0.0,0.9962825278810409,1.0,0.0037174721189591198,0.9962825278810409,0.3
26,baseline,"dro",(None),0.6782522343594836,0.4663951120162933,0.8798449612403101,0.6151165953257041,0.8360498561840843,0.5087538619979403,0.3272959941861441,0.6085209610823987,0.5580057526366251,0.0,0.5580057526366251,0.0,0.906930693069307,0.0,0.906930693069307,0.0,0.7695167286245354,1.0,0.23048327137546465,0.7695167286245354,1.0
27,baseline,"dro",(None),0.7333664349553128,0.45519348268839105,0.998062015503876,0.5485529731696467,0.9979654120040692,0.481086323957323,0.5168790880467462,0.482067131957236,0.45676500508647,0.0,0.45676500508647,0.0,1.0,0.0,1.0,0.0,0.996268656716418,1.0,0.003731343283582045,0.996268656716418,0.01
27,baseline,"dro",(None),0.7328699106256207,0.45519348268839105,0.997093023255814,0.5493390299194777,0.9969481180061037,0.481086323957323,0.5158617940487807,0.48255903719392707,0.4577822990844354,0.0,0.4577822990844354,0.0,1.0,0.0,1.0,0.0,0.9944029850746269,1.0,0.005597014925373123,0.9944029850746269,0.1
27,baseline,"dro",(None),0.7323733862959285,0.45519348268839105,0.9961240310077519,0.5501249671720504,0.9959308240081384,0.481086323957323,0.5148445000508154,0.4830519473442783,0.4587995930824008,0.0,0.4587995930824008,0.0,1.0,0.0,1.0,0.0,0.9925373134328358,1.0,0.007462686567164201,0.9925373134328358,0.3
27,baseline,"dro",(None),0.5148957298907646,0.006109979633401222,0.999031007751938,0.05766638936834708,0.5452695829094608,0.4859359844810863,0.05933359842837449,0.891184837210649,0.0,0.006789524733268671,0.006789524733268671,0.0,0.0,0.011214953271028037,0.011214953271028037,0.0,1.0,0.9979838709677419,0.0020161290322581182,0.9979838709677419,1.0
28,baseline,"dro",(None),0.7701092353525323,0.5295315682281059,0.999031007751938,0.5773881875415298,0.5304878048780488,0.9990291262135922,0.4685413213355434,0.531003342103392,0.0,0.5058252427184466,0.5058252427184466,0.0,0.0,1.0,1.0,0.0,1.0,0.9980392156862745,0.0019607843137254832,0.9980392156862745,0.01
28,baseline,"dro",(None),0.7696127110228401,0.5285132382892057,0.999031007751938,0.5766407236016903,0.5304878048780488,0.9980582524271845,0.4675704475491357,0.5315198823194458,0.0,0.5048543689320388,0.5048543689320388,0.0,0.0,0.9980769230769231,0.9980769230769231,0.0,1.0,0.9980392156862745,0.0019607843137254832,0.9980392156862745,0.1
28,baseline,"dro",(None),0.769116186693148,0.5285132382892057,0.998062015503876,0.5773881875415298,0.5304878048780488,0.9970873786407767,0.46659957376272787,0.5320374284560763,0.0,0.5058252427184466,0.5058252427184466,0.0,0.0,0.9980769230769231,0.9980769230769231,0.0,1.0,0.996078431372549,0.0039215686274509665,0.996078431372549,0.3
28,baseline,"dro",(None),0.5213505461767627,0.5295315682281059,0.5135658914728682,0.9920842356363614,0.5304878048780488,0.512621359223301,0.01786644565474782,0.9663207231335789,0.0,0.9922330097087378,0.9922330097087378,0.0,0.0,1.0,1.0,0.0,1.0,0.01568627450980392,0.9843137254901961,0.01568627450980392,1.0
29,baseline,"dro",(None),0.7557100297914597,0.4989816700610998,1.0,0.5586450367958091,0.9990215264187867,0.5050403225806451,0.4939812038381416,0.505534975198256,0.4794520547945205,0.0,0.4794520547945205,0.0,0.9979633401221996,0.0,0.9979633401221996,0.0,1.0,1.0,0.0,1.0,0.01
29,baseline,"dro",(None),0.7557100297914597,0.4989816700610998,1.0,0.5586450367958091,0.9990215264187867,0.5050403225806451,0.4939812038381416,0.505534975198256,0.4794520547945205,0.0,0.4794520547945205,0.0,0.9979633401221996,0.0,0.9979633401221996,0.0,1.0,1.0,0.0,1.0,0.1
29,baseline,"dro",(None),0.7562065541211519,0.5,1.0,0.5593983519678313,1.0,0.5050403225806451,0.49495967741935487,0.5050403225806451,0.48043052837573386,0.0,0.48043052837573386,0.0,1.0,0.0,1.0,0.0,1.0,1.0,0.0,1.0,0.3
29,baseline,"dro",(None),0.5868917576961271,0.15784114052953158,0.9951550387596899,0.2894246485528743,0.6663405088062623,0.5050403225806451,0.16130018622561715,0.7579312917436406,0.15655577299412915,0.0,0.15655577299412915,0.0,0.31568228105906315,0.0,0.31568228105906315,0.0,0.9905838041431262,1.0,0.00941619585687381,0.9905838041431262,1.0
30,baseline,"dro",(None),0.7696127110228401,0.5315682281059063,0.9961240310077519,0.5395273296643451,0.5390781563126252,0.9960629921259843,0.456984835813359,0.5412089000134657,0.022044088176352707,0.49606299212598426,0.47401890394963153,0.04443808251423482,0.04564315352697095,1.0,0.9543568464730291,0.04564315352697095,1.0,0.9922480620155039,0.007751937984496138,0.9922480620155039,0.01
30,baseline,"dro",(None),0.7805362462760675,0.5529531568228105,0.997093023255814,0.5083748639298217,0.5601202404809619,0.9970472440944882,0.4369270036135263,0.5617790368496123,0.04308617234468938,0.4950787401574803,0.45199256781279096,0.08702892863261313,0.08921161825726141,1.0,0.9107883817427386,0.08921161825726141,1.0,0.9941860465116279,0.005813953488372103,0.9941860465116279,0.1
30,baseline,"dro",(None),0.7745779543197616,0.5407331975560081,0.997093023255814,0.5255864627834818,0.5480961923847696,0.9970472440944882,0.4489510517097186,0.5497193795290483,0.031062124248496994,0.4950787401574803,0.46401661590898335,0.06274178575839552,0.06431535269709543,1.0,0.9356846473029046,0.06431535269709543,1.0,0.9941860465116279,0.005813953488372103,0.9941860465116279,0.3
30,baseline,"dro",(None),0.5044687189672294,0.5091649694501018,0.5,1.0,0.5170340681362725,0.4921259842519685,0.02490808388430399,0.9518250625648539,0.0,1.0,1.0,0.0,0.0,1.0,1.0,0.0,1.0,0.0,1.0,0.0,1.0
