"Name","misc.seed","Runtime","Group","Hostname","State","bias.log_dataset","fdm.balanced_context","fdm.lr","misc.data_split_seed","misc.exp_group","misc.log_method","Accuracy (pytorch_classifier)","Accuracy Discriminator (zy)","Accuracy Predictor s","Accuracy Predictor y","Accuracy_colour_0.0 (pytorch_classifier)","Accuracy_colour_0.0-colour_1.0 (pytorch_classifier)","Accuracy_colour_0.0-colour_2.0 (pytorch_classifier)","Accuracy_colour_0.0÷colour_1.0 (pytorch_classifier)","Accuracy_colour_0.0÷colour_2.0 (pytorch_classifier)","Accuracy_colour_1.0 (pytorch_classifier)","Accuracy_colour_1.0-colour_2.0 (pytorch_classifier)","Accuracy_colour_1.0÷colour_2.0 (pytorch_classifier)","Accuracy_colour_2.0 (pytorch_classifier)","ELBO","Learning rate","Loss Adversarial","Loss Generator","Loss Predictor s","Loss Predictor y","Loss reconstruction","Prior Loss","Renyi preds and s (pytorch_classifier)","TNR (pytorch_classifier)","TNR_colour_0.0 (pytorch_classifier)","TNR_colour_0.0-colour_1.0 (pytorch_classifier)","TNR_colour_0.0-colour_2.0 (pytorch_classifier)","TNR_colour_0.0÷colour_1.0 (pytorch_classifier)","TNR_colour_0.0÷colour_2.0 (pytorch_classifier)","TNR_colour_1.0 (pytorch_classifier)","TNR_colour_1.0-colour_2.0 (pytorch_classifier)","TNR_colour_1.0÷colour_2.0 (pytorch_classifier)","TNR_colour_2.0 (pytorch_classifier)","TPR (pytorch_classifier)","TPR_colour_0.0 (pytorch_classifier)","TPR_colour_0.0-colour_1.0 (pytorch_classifier)","TPR_colour_0.0-colour_2.0 (pytorch_classifier)","TPR_colour_0.0÷colour_1.0 (pytorch_classifier)","TPR_colour_0.0÷colour_2.0 (pytorch_classifier)","TPR_colour_1.0 (pytorch_classifier)","TPR_colour_1.0-colour_2.0 (pytorch_classifier)","TPR_colour_1.0÷colour_2.0 (pytorch_classifier)","TPR_colour_2.0 (pytorch_classifier)","prob_pos_colour_0.0 (pytorch_classifier)","prob_pos_colour_0.0-colour_1.0 (pytorch_classifier)","prob_pos_colour_0.0-colour_2.0 (pytorch_classifier)","prob_pos_colour_0.0÷colour_1.0 (pytorch_classifier)","prob_pos_colour_0.0÷colour_2.0 (pytorch_classifier)","prob_pos_colour_1.0 (pytorch_classifier)","prob_pos_colour_1.0-colour_2.0 (pytorch_classifier)","prob_pos_colour_1.0÷colour_2.0 (pytorch_classifier)","prob_pos_colour_2.0 (pytorch_classifier)"
"fanciful-salad-139","30","3791",".same_as_for2.zs2.even_longer.3dig_4miss","turing","finished","3dig_4miss","false","0.0003","30","same_as_for2.zs2.even_longer","","0.97442799461642","100","100","100","0.9980879541108988","0.05756376056251156","0.014147911284346226","0.942325964034112","0.9858249854373312","0.9405241935483872","0.04341584927816533","0.9558755133560322","0.9839400428265525","0.9555076360702516","","-0.0006269931909628212","1.0369120836257937","0.06548270583152771","0.016548670828342438","0.012414542492479086","0.0066956100054085255","0.032295799951021845","0.9804020100502512","0.998529411764706","0.05170518724476491","0.0016889694266332134","0.9482186637313106","0.9983085431368032","0.946824224519941","0.0500162178181317","0.949825252172936","0.9968404423380728","0.9938900203665988","0.9972677595628416","0.002732240437158473","0.013879055243904648","0.9972677595628416","0.986082919947208","1","0.01661129568106312","0.9833887043189368","0.9833887043189368","0.34990439770554493","0.00392624745574538","0.0308465818597205","0.9889035969341896","0.9118428288927114","0.3538306451612903","0.03477282931546588","0.9017246533306492","0.31905781584582443"
"fancy-pond-136","29","3837",".same_as_for2.zs2.even_longer.3dig_4miss","turing","finished","3dig_4miss","false","0.0003","29","same_as_for2.zs2.even_longer","","0.9784656796769852","85","100","100","0.9929577464788732","0.02213279678068414","0.02141303103171877","0.977710233029382","0.9784351034999712","0.9708249496981892","0.000719765748965373","0.9992591532458348","0.9715447154471544","1.0369672775268557","","-0.019876282662153244","1.1035515069961548","0.061394236981868744","0.025066282600164413","0.01382161770015955","0.006917728576809168","0.050256570839923465","0.992462311557789","0.9969230769230768","0.016471949103528005","0.003076923076923088","0.983477211547387","0.9969230769230768","0.9804511278195488","0.019548872180451093","0.9804511278195488","1","0.9786150712830958","0.9912790697674418","0.005681416554746632","0.04629525099721532","0.994301262053318","0.9532974594045688","0.9969604863221884","0.05197666755196195","0.9478648669981844","0.9449838187702264","0.34507042253521125","0.0020120724346076035","0.04832245505553645","0.9941690962099128","0.8599634975941597","0.34305835010060365","0.04631038262092885","0.8650072717735975","0.2967479674796748"
"toasty-firebrand-132","28","3777",".same_as_for2.zs2.even_longer.3dig_4miss","turing","finished","3dig_4miss","false","0.0003","28","same_as_for2.zs2.even_longer","","0.8718034993270525","95","100","100","0.998062015503876","0.3368879681300345","0.04966160270717834","0.6624578804755382","0.9502419669963028","0.6611740473738414","0.2872263654228562","0.6971465200274781","0.9484004127966976","0.8613569736480713","","-0.007026460021734238","0.9380506873130798","0.06549252569675446","0.01822761818766594","0.009851155336946247","0.007375984452664852","0.3851088187596449","0.8879396984924623","0.9970760233918128","0.33143185161267175","0.0016631793551156182","0.6675962074735081","0.9983319432860718","0.6656441717791411","0.32976867225755613","0.6687116564417178","0.9954128440366972","0.9684317718940936","1","0","0.0984126984126984","1","0.9015873015873016","1","0.0984126984126984","0.9015873015873016","0.9015873015873016","0.3391472868217054","0.21389081822463857","0.0429656562747498","0.6132439767297504","0.873312693498452","0.553038105046344","0.25685647449938837","0.5355537490895603","0.2961816305469556"
"ancient-pond-127","27","3800",".same_as_for2.zs2.even_longer.3dig_4miss","turing","finished","3dig_4miss","false","0.0003","27","same_as_for2.zs2.even_longer","","0.8435397039030955","95","100","100","0.9980392156862744","0.13306856989371096","0.3475015812776724","0.8666699987312523","0.6518157044172634","0.8649706457925636","0.21443301138396145","0.7520921519972753","0.6505376344086021","1.1425776481628418","","-0.01199602521955967","1.2766637802124023","0.07133488357067108","0.07474733889102936","0.01347382040694356","0.009377731010317802","0.37125504553464334","0.9944723618090452","0.9985443959243084","0.01299526297633169","0.0014556040756914523","0.9869857934916328","0.9985443959243084","0.9855491329479767","0.014450867052023142","0.9855491329479767","1","0.6741344195519349","0.996996996996997","0.009118209118209042","0.9844578120440188","0.9908543263964952","0.012576953582354496","0.987878787878788","0.97533960292581","0.012693039983075943","0.012539184952978056","0.3264705882352941","0.002296535052377091","0.32216951296647695","0.993014705882353","0.013174464787368011","0.3287671232876712","0.32446604801885404","0.013082437275985664","0.004301075268817204"
"ruby-brook-122","26","3773",".same_as_for2.zs2.even_longer.3dig_4miss","turing","finished","3dig_4miss","false","0.0003","26","same_as_for2.zs2.even_longer","","0.9616419919246298","95","100","100","0.9929718875502008","0.02484439751036016","0.07013238137736133","0.9749797574112046","0.929371231696813","0.9681274900398408","0.04528798386700117","0.9532210537011634","0.9228395061728396","1.0358753204345703","","-0.014565156772732736","1.1159474849700928","0.07216154783964157","0.02247573621571064","0.014222967438399792","0.00649453978985548","0.06282370226296839","0.9919597989949748","0.9955555555555556","0.014645129711209017","0.004444444444444473","0.9852894902454372","0.9955555555555556","0.9809104258443464","0.019089574155653488","0.9809104258443464","1","0.929735234215886","0.9906542056074766","0.00315384392812712","0.1800033180335121","0.9968265059539406","0.8182985374567378","0.9938080495356038","0.18315716196163925","0.8157016719202197","0.8106508875739645","0.32228915662650603","0.010380166082657294","0.040396152511279704","0.9687973450688984","0.8746586669743471","0.33266932270916333","0.050776318593937","0.8473669944062493","0.28189300411522633"
"wild-serenity-115","25","3787",".same_as_for2.zs2.even_longer.3dig_4miss","turing","finished","3dig_4miss","false","0.0003","25","same_as_for2.zs2.even_longer","","0.7257738896366084","95","100","100","0.9938335046248716","0.6652475432820435","0.1404870479319581","0.33062475738011554","0.8586412640767371","0.3285859613428281","0.5247604953500853","0.38505575170047673","0.8533464566929134","1.033460021018982","","-0.007442835718393326","1.10687518119812","0.06288229674100876","0.01797563210129738","0.014591953717172146","0.006077247206121683","0.5867528144700026","0.6407035175879398","0.9955089820359282","0.969355135882082","0.11306850584545204","0.026271833429728164","0.886421410669531","0.026153846153846153","0.85628663003663","0.029638085354780127","0.8824404761904762","0.9582484725050916","0.99672131147541","0.035760350514448924","0.07520968356843316","0.9641220167535955","0.9245429161566708","0.960960960960961","0.03944933305398424","0.9589480377906976","0.9215116279069768","0.31551901336073995","0.6539621667002977","0.07424476616681908","0.3254514062262407","0.8095134282184642","0.9694811800610376","0.5797174005334786","0.40203336335319045","0.38976377952755903"
"northern-sunset-113","24","3789",".same_as_for2.zs2.even_longer.3dig_4miss","turing","finished","3dig_4miss","false","0.0003","24","same_as_for2.zs2.even_longer","","0.8209959623149394","100","100","100","0.9823284823284824","0.3416878416878417","0.13663115295162775","0.6521653929061336","0.8609109321275493","0.6406406406406406","0.20505668873621397","0.7575294592838452","0.8456973293768546","0.8500099182128906","","-5.245073566584324e-7","0.9278727769851683","0.0655224472284317","0.012340955436229706","0.01143201533704996","0.005568182561546564","0.28524799970376047","0.8140703517587939","0.9925149700598802","0.403284200829111","0.13834830339321358","0.5936744401902773","0.8606083459024635","0.5892307692307692","0.2649358974358974","0.6898311444652908","0.8541666666666666","0.980651731160896","0.9727891156462584","0.02434555484084755","0.0022876407200047577","0.9755844866682304","0.9976483693297852","0.997134670487106","0.026633195560852307","0.9732902722679958","0.9705014749262536","0.3024948024948025","0.31312081312081314","0.11985930235188395","0.49136960600375235","0.7162113473588884","0.6156156156156156","0.19326151076892917","0.6860678873851053","0.4223541048466865"
"logical-sound-111","23","3775",".same_as_for2.zs2.even_longer.3dig_4miss","turing","finished","3dig_4miss","false","0.0003","23","same_as_for2.zs2.even_longer","","0.8048452220726783","100","100","100","0.9927760577915375","0.5192526362029429","0.04762424584246816","0.4769690182113808","0.952029215986121","0.47352342158859473","0.4716283903604748","0.5010025009761194","0.9451518119490696","1.1475805044174194","","-0.003302976256236434","1.209444284439087","0.050465501844882965","0.01470122579485178","0.017176405526697636","0.005775203462690115","0.30572880875569225","0.8296482412060302","1","0.4813153961136024","0.024853801169590684","0.5186846038863976","0.9751461988304092","0.5186846038863976","0.4564615949440118","0.5319044513617631","0.9751461988304092","0.960285132382892","0.9879518072289156","0.019900689018052975","0.06213578349004323","0.9798566196524586","0.9371064630527612","0.9680511182108626","0.04223509447199025","0.9563710080206832","0.9258160237388724","0.3384932920536636","0.29796291975896366","0.01626018725444711","0.5318406604747162","0.9519630443610998","0.6364562118126272","0.3142231070134108","0.5062926542605289","0.32223310479921646"
"major-bush-105","22","3790",".same_as_for2.zs2.even_longer.3dig_4miss","turing","finished","3dig_4miss","false","0.0003","22","same_as_for2.zs2.even_longer","","0.8246971736204576","90","100","100","0.9970238095238096","0.4240014971505843","0.0962058136137891","0.5747328267385184","0.9035070048530354","0.5730223123732252","0.3277956835367952","0.6361133047684612","0.9008179959100204","0.9261431097984314","","-0.016769055277109146","1.00168776512146","0.06725681573152542","0.025056827813386917","0.01087321899831295","0.00764964334666729","0.42616170085809857","0.8567839195979899","0.9970282317979198","0.4245206789278292","0.002971768202080227","0.5742139837281236","0.9970282317979198","0.5725075528700906","0.4274924471299094","0.5725075528700906","1","0.9287169042769856","1","0","0.21671826625386992","1","0.7832817337461301","1","0.21671826625386992","0.7832817337461301","0.7832817337461301","0.3343253968253968","0.28129326443220964","0.07563419028142954","0.5430722261447138","0.7737707305528755","0.6156186612576064","0.3569274547136392","0.4202133931669716","0.25869120654396727"
"whole-darkness-103","21","3810",".same_as_for2.zs2.even_longer.3dig_4miss","turing","finished","3dig_4miss","false","0.0003","21","same_as_for2.zs2.even_longer","","0.7526917900403769","85","100","100","0.9990089197224976","0.654598043589567","0.08457593003177588","0.34475255358941165","0.9153401652757324","0.34441087613293053","0.5700221135577911","0.3766387258725396","0.9144329896907216","1.123327612876892","","-0.027920184656977657","1.211137294769287","0.07079154253005981","0.04493820667266846","0.014968824107199907","0.007497727870941162","0.602592711583594","0.6844221105527638","0.9985652797704448","0.9233440408323916","0.001434720229555264","0.0753293154307802","0.9985652797704448","0.0752212389380531","0.9247787610619468","0.0752212389380531","1","0.9470468431771896","1","0","0.14647887323943665","1","0.8535211267605634","1","0.14647887323943665","0.8535211267605634","0.8535211267605634","0.31020812685827553","0.6384323565254102","0.0021630071623430225","0.32700283436334143","0.9930755216255024","0.9486404833836858","0.6362693493630672","0.329282947008996","0.31237113402061856"
"helpful-galaxy-99","20","3800",".same_as_for2.zs2.even_longer.3dig_4miss","turing","finished","3dig_4miss","false","0.0003","20","same_as_for2.zs2.even_longer","","0.9222745625841184","85","100","100","0.99609375","0.16412653688524592","0.06090856481481477","0.8352298296367727","0.9388525780682644","0.8319672131147541","0.10321797207043117","0.8896283070930043","0.9351851851851852","1.0263030529022217","","-0.015599955804646015","1.0945097208023071","0.05754370987415314","0.026262864470481873","0.014486518688499928","0.0060395426116883755","0.15187581423460547","0.9537688442211056","0.9957507082152974","0.13539757819924603","0.0012235731765330993","0.8640246227472721","0.9987727133995624","0.8603531300160514","0.13662115137577913","0.8629642169053262","0.9969742813918304","0.959266802443992","0.9968553459119496","0.00031179289824856404","0.11904184108879856","0.9996873213264724","0.8805826325986185","0.9971671388101984","0.11935363398704713","0.880307293189126","0.8778135048231511","0.3125","0.13729508196721313","0.029578189300411502","0.6947608200455581","0.9053497942386832","0.44979508196721313","0.16687327126762463","0.6290015654733447","0.2829218106995885"
"fallen-sky-95","19","3823",".same_as_for2.zs2.even_longer.3dig_4miss","turing","finished","3dig_4miss","false","0.0003","19","same_as_for2.zs2.even_longer","","0.930349932705249","80","100","100","0.99712368168744","0.1810079792081012","0.024178832571935316","0.818469882390337","0.9757514207956456","0.8161157024793388","0.15682914663616587","0.8388098289653952","0.9729448491155048","1.0455483198165894","","-0.06207382678985596","1.07370126247406","0.07236671447753906","0.01786002889275551","0.014838607050478458","0.006072360556572676","0.1648512868493683","0.9412060301507538","1","0.17443609022556394","0.0015503875968991832","0.825563909774436","0.9984496124031008","0.825563909774436","0.17288570262866476","0.8268458413113529","0.9984496124031008","0.979633401221996","0.9917355371900828","0.0016638027439107583","0.03920389162046245","0.9983251420883557","0.9604694092827004","0.9933993399339934","0.04086769436437321","0.9588607594936708","0.9525316455696202","0.3451581975071908","0.08562692645975134","0.030902214156514396","0.8012305400166924","0.9104694184298764","0.4307851239669422","0.11652914061626574","0.7294959037972536","0.3142559833506764"
"bumbling-tree-89","18","3842",".same_as_for2.zs2.even_longer.3dig_4miss","turing","finished","3dig_4miss","false","0.0003","18","same_as_for2.zs2.even_longer","","0.8697846567967699","100","100","100","0.9881593110871906","0.2011893007459289","0.14615187614295266","0.7963999342124533","0.8520968486527201","0.7869700103412617","0.055037424602976226","0.9346354648203063","0.8420074349442379","1.1077669858932495","","-2.741811044870701e-8","1.1688475608825684","0.0492200180888176","0.01186064537614584","0.016705099027603865","0.005450241267681122","0.205387482232434","0.9663316582914572","1","0.086232980332829","0.013947001394700176","0.913767019667171","0.9860529986052998","0.913767019667171","0.07228597893812883","0.926691588545066","0.9860529986052998","0.8747454175152749","0.9810725552050472","0.00258757551390687","0.2930502710824846","0.9973694415041344","0.7012960259384321","0.9836601307189542","0.2956378465963915","0.6994512257192831","0.6880222841225627","0.33476856835306784","0.03544859814124446","0.09592098470994516","0.9042491776464152","0.7134707562844403","0.3702171664943123","0.13136958285118963","0.645155344644971","0.23884758364312267"
"quiet-monkey-83","17","3822",".same_as_for2.zs2.even_longer.3dig_4miss","turing","finished","3dig_4miss","false","0.0003","17","same_as_for2.zs2.even_longer","","0.8398384925975774","80","100","100","0.9946120689655172","0.3999905550212941","0.05615053050397878","0.5978426489060011","0.9435452954412868","0.5946215139442231","0.3438400245173153","0.6336130886290903","0.9384615384615383","1.2911499738693235","","-0.03692664951086044","1.3309917449951172","0.0504593625664711","0.026309041306376457","0.015520975925028324","0.010302022099494934","0.4248708464958329","0.8221105527638191","0.9950980392156864","0.5024726704841229","0.005098039215686301","0.4950520946859061","0.9948768472906404","0.49262536873156343","0.49737463126843656","0.4976013825571347","0.99","0.9653767820773932","0.9936708860759492","0.006329113924050667","0.08778853313477286","0.9936708860759492","0.9116523042337956","1","0.09411764705882351","0.9058823529411764","0.9058823529411764","0.3415948275862069","0.3257358497046297","0.03871021220159154","0.5118823983530624","0.886677990778937","0.6673306772908366","0.36444606190622125","0.4538748564867968","0.30288461538461536"
"dashing-cosmos-76","16","3817",".same_as_for2.zs2.even_longer.3dig_4miss","turing","finished","3dig_4miss","false","0.0003","16","same_as_for2.zs2.even_longer","","0.8919919246298789","90","100","100","0.997969543147208","0.3031437775717065","0.026815696993361948","0.6962394497374049","0.9731297441114328","0.6948257655755016","0.27632808057834457","0.7154641546520016","0.971153846153846","1.018247127532959","","-0.01128451805561781","1.0895034074783323","0.06333044916391373","0.01921038329601288","0.0130517166107893","0.007313225418329239","0.31502705686154947","0.8919597989949749","0.9970149253731344","0.32776026698804117","0.0029850746268657025","0.671258414847324","0.9970149253731344","0.6692546583850931","0.3307453416149069","0.6692546583850931","1","0.9755600814663952","1","0.0033003300330033403","0.06318681318681318","0.9966996699669968","0.9368131868131868","0.9966996699669968","0.05988648315380984","0.939915217233098","0.9368131868131868","0.3218274111675127","0.22199518650936167","0.006057204217102707","0.5917874919915233","0.9815264152909478","0.5438225976768744","0.21593798229225897","0.6029256908140403","0.3278846153846154"
"likely-breeze-73","15","3807",".same_as_for2.zs2.even_longer.3dig_4miss","turing","finished","3dig_4miss","false","0.0003","15","same_as_for2.zs2.even_longer","","0.9199192462987889","100","100","100","0.9939086294416244","0.1361850522058521","0.08563345496505415","0.8629803100891069","0.9138417230433316","0.8577235772357723","0.05055159724079794","0.9443433018303838","0.9082751744765702","1.2246493101119995","","-0.0000011837088322863565","1.2901248931884766","0.04997793585062027","0.015498842112720013","0.0193474804982543","0.005145505536347628","0.1012767427285092","0.9331658291457288","0.9953560371517028","0.1575979250573074","0.025386067181732752","0.8416667813576663","0.9744954908251954","0.8377581120943953","0.13221185787557466","0.8636948957505686","0.96996996996997","0.9470468431771896","0.9941002949852508","0.002631731158540096","0.13950088845706088","0.9973596402147106","0.8596712130951227","0.9967320261437908","0.14213261961560095","0.8574013717954955","0.8545994065281899","0.34517766497461927","0.07657030250505553","0.03809890126574589","0.8184453550241575","0.889625241921295","0.4217479674796748","0.11466920377080142","0.7281096469627263","0.3070787637088734"
"easy-meadow-70","14","3817",".same_as_for2.zs2.even_longer.3dig_4miss","turing","finished","3dig_4miss","false","0.0003","14","same_as_for2.zs2.even_longer","","0.7900403768506057","85","100","100","0.9968944099378882","0.5973194896403324","0.0494765695623014","0.40081970198072575","0.9503692978222396","0.3995749202975558","0.547842920078031","0.4217515263794816","0.9474178403755869","1.1184558868408203","","-0.011735462583601476","1.2183209657669067","0.06454868614673615","0.0470518097281456","0.013570575043559074","0.008798543363809586","0.5649846733674024","0.6989949748743719","0.9968701095461658","0.9096326297400268","0.04058595654070141","0.08751138084163702","0.95928661502432","0.08723747980613894","0.8690466731993255","0.091225478882991","0.9562841530054644","0.9928716904276986","1","0","0.02102102102102099","1","0.978978978978979","1","0.02102102102102099","0.978978978978979","0.978978978978979","0.34057971014492755","0.6020345300251044","0.004429475403143535","0.3613139878764113","0.9869943062631104","0.942614240170032","0.606464005428248","0.3566148488072365","0.336150234741784"
"glorious-galaxy-67","13","3820",".same_as_for2.zs2.even_longer.3dig_4miss","turing","finished","3dig_4miss","false","0.0003","13","same_as_for2.zs2.even_longer","","0.7493270524899058","95","100","100","0.9951267056530214","0.6434097441545823","0.11390843154134632","0.353439375609597","0.8855337406842102","0.3517169614984391","0.529501312613236","0.3991258146036435","0.8812182741116751","0.6155709028244019","","-0.011147250421345234","0.6915789246559143","0.0625230073928833","0.02463230118155479","0.0053014932200312614","0.007009923458099365","0.560533517262413","0.6683417085427136","0.9971830985915492","0.9118750417195114","0.1192851078651196","0.08554904008354085","0.8803779285533405","0.08530805687203792","0.7925899338543918","0.09717308590881785","0.8778979907264297","0.970468431771894","0.9968354430379748","0.002933004013584428","0.07375851996105154","0.997057684862563","0.926007326007326","0.9939024390243902","0.07082551594746711","0.928739971684757","0.9230769230769232","0.30896686159844056","0.6327605057272618","0.0879874531223716","0.32808525303436614","0.7783436283234373","0.9417273673257024","0.5447730526048902","0.42151723364276295","0.39695431472081216"
"earnest-yogurt-63","12","3815",".same_as_for2.zs2.even_longer.3dig_4miss","turing","finished","3dig_4miss","false","0.0003","12","same_as_for2.zs2.even_longer","","0.7621130551816958","100","100","100","0.9804727646454264","0.556896341069003","0.09169520953520605","0.432012432012432","0.906478575599837","0.4235764235764235","0.46520113153379694","0.4765831688041383","0.8887775551102205","0.9679635167121888","","-0.00013386055070441216","1.0454938411712646","0.06525839865207672","0.012405801564455032","0.01354561559855938","0.00581365404650569","0.3011525561860713","0.8090452261306532","0.978328173374613","0.48487839171522434","0.005725433648585576","0.5043806312531093","0.9941477371250216","0.49344978165938863","0.4791529580666388","0.5073497755089489","0.9726027397260274","0.9368635437881874","0.9847094801223242","0.03248018075926684","0.10787663554754412","0.9670154686078252","0.8904482614160033","0.9522292993630572","0.07539645478827728","0.9208211143695014","0.8768328445747801","0.34532374100719426","0.3010299053464521","0.02768847046611211","0.5342643968287504","0.919818804275217","0.6463536463536463","0.3287183758125642","0.4914264386578412","0.31763527054108215"
"pious-dew-60","11","3796",".same_as_for2.zs2.even_longer.3dig_4miss","turing","finished","3dig_4miss","false","0.0003","11","same_as_for2.zs2.even_longer","","0.9394347240915208","65","100","100","0.996138996138996","0.15375903789264955","0.021701368327135206","0.8456449968442007","0.9782145178421394","0.8423799582463466","0.13205766956551435","0.8644780683787271","0.9744376278118608","0.9182610511779784","","-0.0568283386528492","0.9918705224990844","0.06465694308280945","0.065780870616436","0.012699334882199764","0.005665886215865612","0.18382463057188717","0.9246231155778896","0.997163120567376","0.2266204849084612","0.0028368794326241176","0.7727347910946442","0.997163120567376","0.7705426356589147","0.22945736434108532","0.7705426356589147","1","0.979633401221996","0.9969788519637462","0.0030211480362537513","0.05319186971522549","0.9969788519637462","0.946646942800789","1","0.05621301775147925","0.9437869822485208","0.9437869822485208","0.3204633204633205","0.1607475354865751","0.0057125486573338935","0.665951976147204","0.9824862928311204","0.4812108559498956","0.15503498682924122","0.6778231727062622","0.3261758691206544"
"wandering-star-56","10","3786",".same_as_for2.zs2.even_longer.3dig_4miss","turing","finished","3dig_4miss","false","0.0003","10","same_as_for2.zs2.even_longer","","0.9155450874831764","90","100","100","0.9949748743718592","0.19027139788924163","0.05002992942691431","0.808767635454752","0.9497173941618386","0.8047034764826176","0.14024146846232732","0.8515876832692109","0.944944944944945","0.9714266061782836","","-0.10944266617298126","1.001751184463501","0.1045842319726944","0.03518296033143997","0.0126747889444232","0.006753742694854736","0.22496236436283096","0.907035175879397","1","0.27586206896551724","0.0015408320493066618","0.7241379310344828","0.9984591679506932","0.7241379310344828","0.2743212369162106","0.7252554278416348","0.9984591679506932","0.9521384928716904","0.9906542056074766","0.009345794392523366","0.1163684913217623","0.9906542056074766","0.882533692722372","1","0.12571428571428567","0.8742857142857143","0.8742857142857143","0.31959798994974875","0.1865369793754046","0.01229068264244143","0.6314481498401097","0.9615433043106","0.5061349693251533","0.198827662017846","0.6071647404980739","0.3073073073073073"
"fancy-serenity-53","9","3823",".same_as_for2.zs2.even_longer.3dig_4miss","turing","finished","3dig_4miss","false","0.0003","9","same_as_for2.zs2.even_longer","","0.9552489905787348","70","100","100","0.996003996003996","0.07308732933732931","0.05040557859548955","0.9266194416583085","0.9493921924031244","0.9229166666666668","0.022681750741839757","0.9760133368200836","0.9455984174085064","1.1113454103469849","","-0.06393061578273773","1.157694697380066","0.06989087164402008","0.04038912057876587","0.0143583994358778","0.0078685088083148","0.11703772380174896","0.971356783919598","0.997037037037037","0.0806332515480781","0.00002610540055469901","0.919127125118941","0.9999738177057764","0.916403785488959","0.0806593569486328","0.9191030602621224","0.9970631424375918","0.9837067209775968","0.9969325153374232","0.0030674846625766694","0.042387060791968745","0.9969325153374232","0.9574825174825176","1","0.045454545454545414","0.9545454545454546","0.9545454545454546","0.32667332667332666","0.06811833999334","0.013122387009627368","0.8274575029192444","0.9598302464934648","0.39479166666666665","0.08124072700296736","0.7942187389898452","0.3135509396636993"
"comfy-blaze-49","8","3804",".same_as_for2.zs2.even_longer.3dig_4miss","turing","finished","3dig_4miss","false","0.0003","8","same_as_for2.zs2.even_longer","","0.8664199192462988","50","100","100","0.993975903614458","0.3395357491743034","0.02908228659318124","0.6584064584064584","0.9707414571244358","0.6544401544401545","0.31045346258112216","0.6782510972147135","0.9648936170212766","1.0809141397476196","","-0.04862693324685097","1.129505276679993","0.06838907301425934","0.028828954324126244","0.01461420487612486","0.007004077546298504","0.33733311598797167","0.9447236180904522","0.9985380116959064","0.15014151023818045","0.006602527824938642","0.8496386632460975","0.993387805223634","0.8483965014577259","0.1435389824132418","0.8552940339899026","0.9919354838709676","0.980651731160896","0.9871794871794872","0.007106227106227103","0.027804487179487247","0.9928529325081048","0.9718344155844156","0.9942857142857144","0.03491071428571435","0.9648886494252872","0.959375","0.3102409638554217","0.1260524724380146","0.021673929761599545","0.711083271137648","0.934700339820822","0.4362934362934363","0.10437854267641504","0.7607606853699868","0.33191489361702126"
"pious-dawn-46","7","3786",".same_as_for2.zs2.even_longer.3dig_4miss","turing","finished","3dig_4miss","false","0.0003","7","same_as_for2.zs2.even_longer","","0.9515477792732168","90","100","100","0.9968619246861924","0.07409769704391611","0.05984642081022351","0.9256690468268796","0.9399651854201744","0.9227642276422764","0.0142512762336926","0.9847907786213332","0.937015503875969","1.100169658660889","","-0.02465987205505371","1.1889184713363647","0.08156537264585495","0.03184334561228752","0.014542566146701574","0.007460828870534897","0.0994765057093529","0.985929648241206","1","0.042042042042042094","0","0.957957957957958","1","0.957957957957958","0.042042042042042094","0.957957957957958","1","0.9429735234215886","0.9938837920489296","0.006116207951070374","0.15412118077296522","0.9938837920489296","0.8449303811915089","1","0.1602373887240356","0.8397626112759644","0.8397626112759644","0.3399581589958159","0.011667857264346717","0.06573335279426551","0.9668174232713376","0.8066428145497913","0.3516260162601626","0.07740121005861222","0.7798763274633687","0.2742248062015504"
"feasible-bush-43","6","3803",".same_as_for2.zs2.even_longer.3dig_4miss","turing","finished","3dig_4miss","false","0.0003","6","same_as_for2.zs2.even_longer","","0.97207267833109","75","100","100","0.9950248756218906","0.01842263757509499","0.05091918456498001","0.9814852492370296","0.948826219512195","0.9766022380467956","0.03249654698988502","0.9667248899051488","0.9441056910569106","1.184604287147522","","-0.03701211139559746","1.273181438446045","0.06664036214351654","0.0589488185942173","0.015315964818000792","0.008376122452318668","0.05882952035792004","0.98643216080402","0.9970887918486172","0.02871529787271354","0.0033485727562854173","0.9712008618415268","0.9966416503889516","0.9683734939759036","0.025366725116428124","0.9744734844891376","0.9937402190923318","0.9786150712830958","0.9905660377358492","0.00943396226415094","0.04273995077932735","0.9905660377358492","0.9568530020703934","1","0.05217391304347829","0.9478260869565216","0.9478260869565216","0.3154228855721393","0.030457073736100737","0.020959228248998873","0.9119432250512146","0.937692203634396","0.34587995930824006","0.009497845487101864","0.9725400526064084","0.3363821138211382"
"tough-grass-39","5","3805",".same_as_for2.zs2.even_longer.3dig_4miss","turing","finished","3dig_4miss","false","0.0003","5","same_as_for2.zs2.even_longer","","0.9444818304172274","90","100","100","0.9980544747081712","0.11234018899388554","0.050959039023523944","0.8874408242829295","0.9489416256177556","0.8857142857142857","0.06138114997036159","0.9351901110937256","0.9470954356846472","0.9791077971458436","","-0.02333182841539383","1.051681637763977","0.07595300674438477","0.01995266415178776","0.01229025237262249","0.007291903253644705","0.1378853026933574","0.9683417085427136","0.9985754985754984","0.09352189980061344","0.0014245014245014564","0.906344688074136","0.9985754985754984","0.9050535987748852","0.09494640122511488","0.9050535987748852","1","0.9653767820773932","0.9969325153374232","0.0030674846625766694","0.09723646670520449","0.9969325153374232","0.9024643441664718","1","0.10030395136778114","0.8996960486322189","0.8996960486322189","0.31712062256809337","0.0798181529421107","0.010066680659379657","0.7989157072409551","0.9682559885955758","0.39693877551020407","0.08988483360149035","0.7735549179191246","0.3070539419087137"
"faithful-jazz-36","4","3792",".same_as_for2.zs2.even_longer.3dig_4miss","turing","finished","3dig_4miss","false","0.0003","4","same_as_for2.zs2.even_longer","","0.8371467025572006","85","100","100","0.9949698189134808","0.3010515736492735","0.17138007532373734","0.6974264264839456","0.8277534935573357","0.6939182452642074","0.12967149832553615","0.8425532865910365","0.8235897435897436","1.0613975524902344","","-0.038891490548849106","1.1817905902862549","0.07562011480331421","0.08366431295871735","0.013366098515689371","0.007861851714551449","0.4083474266513816","0.8603015075376884","0.9984802431610942","0.40885061353146457","0.001519756838905817","0.5905270872089746","0.9984802431610942","0.5896296296296296","0.4103703703703704","0.5896296296296296","1","0.884928716904277","0.9910714285714286","0.008928571428571397","0.33698337825696323","0.9910714285714286","0.6599807354524335","1","0.3459119496855346","0.6540880503144654","0.6540880503144654","0.33601609657947684","0.2671743321343816","0.1226827632461435","0.5570647022631657","0.6348902195608783","0.6031904287138584","0.38985709538052504","0.3536749311294766","0.21333333333333335"
"zesty-serenity-33","3","3793",".same_as_for2.zs2.even_longer.3dig_4miss","turing","finished","3dig_4miss","false","0.0003","3","same_as_for2.zs2.even_longer","","0.943135935397039","65","100","100","0.9961089494163424","0.1452317564338863","0.02420972461014093","0.8542009320175439","0.9756957061531008","0.8508771929824561","0.12102203182374538","0.8754788266778611","0.9718992248062016","1.039224624633789","","-0.09457174688577652","1.041678547859192","0.06385595351457596","0.03316965699195862","0.011965422425419092","0.008819070644676685","0.17478664911537156","0.9758793969849248","0.9971056439942112","0.07027637570152834","0.0014323677016950809","0.9295196290134164","0.9985655351274386","0.926829268292683","0.07170874340322342","0.9281862657572404","0.9985380116959064","0.9765784114052952","0.9970326409495548","0.0029673590504450953","0.060251031754152584","0.9970326409495548","0.93956964969896","1","0.06321839080459768","0.9367816091954024","0.9367816091954024","0.32879377431906615","0.046206225680933855","0.011933309202787068","0.8767833981841764","0.9637057933122334","0.375","0.05813953488372092","0.8449612403100776","0.3168604651162791"
"super-night-30","2","3831",".same_as_for2.zs2.even_longer.3dig_4miss","turing","finished","3dig_4miss","false","0.0003","2","same_as_for2.zs2.even_longer","","0.9357335127860028","95","100","100","0.9979736575481256","0.1306897069308417","0.05720366741979388","0.8690449332581313","0.9426801830016888","0.8672839506172839","0.07348603951104782","0.92188734729833","0.9407699901283316","0.8373976945877075","","-0.005825108382850885","0.9149579405784608","0.06431872397661209","0.01906660571694374","0.010134818963706492","0.006613134406507015","0.16698665883352493","0.9517587939698492","0.9984591679506932","0.13891718321786894","0.0028323457932589724","0.8608684384129677","0.9971632833027392","0.8595419847328244","0.13608483742460997","0.8633174253685469","0.9956268221574344","0.9572301425661914","0.9970414201183432","0.00295857988165682","0.12242368311528506","0.9970414201183432","0.877213041860634","1","0.12538226299694188","0.8746177370030581","0.8746177370030581","0.342451874366768","0.07833001863734723","0.05716066015156562","0.8138465082750574","0.8330841077822625","0.4207818930041152","0.13549067878891283","0.6780025922180359","0.28529121421520237"
"serene-donkey-25","1","3812",".same_as_for2.zs2.even_longer.3dig_4miss","turing","finished","3dig_4miss","false","0.0003","1","same_as_for2.zs2.even_longer","","0.9767833109017496","90","100","99.609375","0.9989690721649483","0.03199280797506199","0.03381902376223789","0.9679741757112382","0.9661460752844472","0.9669762641898864","0.0018262157871759","0.9981114161176378","0.9651500484027106","1.2221735715866089","","-0.00898487027734518","1.329131841659546","0.06098128482699394","0.05496188625693321","0.01562812365591526","0.008815349079668522","0.101955215369629","0.9839195979899498","1","0.048286604361370666","0.0014265335235378318","0.9517133956386292","0.9985734664764622","0.9517133956386292","0.046860070837832835","0.9530729862038274","0.9985734664764622","0.9775967413441956","1","0","0.0662650602409639","1","0.933734939759036","1","0.0662650602409639","0.933734939759036","0.933734939759036","0.33298969072164947","0.0364633536539955","0.03192483108951005","0.90130449807061","0.9041266682451246","0.36945304437564497","0.06838818474350555","0.8148934329149249","0.3010648596321394"
