bias.missing_s,bias.mixing_factor,bias.adult_biased_train,bias.subsample_train.1,bias.subsample_train.2,bias.subsample_train.5,bias.subsample_train.7,bias.log_dataset,baselines.greyscale,baselines.labelled_context_set,baselines.epochs,baselines.test_batch_size,baselines.batch_size,baselines.lr,baselines.weight_decay,baselines.eta,baselines.c,baselines.method,baselines.oversample,data.log_name,data.data_pcnt,data.context_pcnt,data.test_pcnt,data.root,data.transductive,data.quant_level,data.input_noise,data.scale,data.greyscale,data.background,data.black,data.binarize,data.rotate_data,data.shift_data,data.color_correlation,data.padding,data.filter_map_labels.2,data.filter_map_labels.4,data.filter_map_labels.6,data.colors,misc.cluster_label_file,misc.exp_group,misc.log_method,misc.use_wandb,misc.gpu,misc.use_amp,misc.seed,misc.data_split_seed,misc.save_dir,misc.results_csv,misc.resume,misc.evaluate,misc.num_workers,misc.device,misc.use_gpu,Accuracy (dro),TPR (dro),TNR (dro),Renyi preds and s (dro),Accuracy_colour_2.0 (dro),Accuracy_colour_1.0 (dro),Accuracy_colour_0.0 (dro),Accuracy_colour_0.0-colour_1.0 (dro),Accuracy_colour_0.0-colour_2.0 (dro),Accuracy_colour_1.0-colour_2.0 (dro),Accuracy_colour_0.0÷colour_1.0 (dro),Accuracy_colour_0.0÷colour_2.0 (dro),Accuracy_colour_1.0÷colour_2.0 (dro),prob_pos_colour_2.0 (dro),prob_pos_colour_1.0 (dro),prob_pos_colour_0.0 (dro),prob_pos_colour_0.0-colour_1.0 (dro),prob_pos_colour_0.0-colour_2.0 (dro),prob_pos_colour_1.0-colour_2.0 (dro),prob_pos_colour_0.0÷colour_1.0 (dro),prob_pos_colour_0.0÷colour_2.0 (dro),prob_pos_colour_1.0÷colour_2.0 (dro),TPR_colour_2.0 (dro),TPR_colour_1.0 (dro),TPR_colour_0.0 (dro),TPR_colour_0.0-colour_1.0 (dro),TPR_colour_0.0-colour_2.0 (dro),TPR_colour_1.0-colour_2.0 (dro),TPR_colour_0.0÷colour_1.0 (dro),TPR_colour_0.0÷colour_2.0 (dro),TPR_colour_1.0÷colour_2.0 (dro),TNR_colour_2.0 (dro),TNR_colour_1.0 (dro),TNR_colour_0.0 (dro),TNR_colour_0.0-colour_1.0 (dro),TNR_colour_0.0-colour_2.0 (dro),TNR_colour_1.0-colour_2.0 (dro),TNR_colour_0.0÷colour_1.0 (dro),TNR_colour_0.0÷colour_2.0 (dro),TNR_colour_1.0÷colour_2.0 (dro),eta
[],0.0,True,0.0,0.0,0.0,0.0,3dig_4miss,False,False,60.0,1000.0,64.0,0.001,1e-08,0.5,0.0,dro,True,cmnist,1.0,0.4,0.2,,False,eight,False,0.0,False,False,True,True,False,False,1.0,2.0,0.0,1.0,2.0,"[2, 4, 6]",,,baseline_dro,True,0.0,False,0.0,0.0,results/cmnist/3_digits/4miss/,,,False,4.0,cuda:0,True,0.594885598923284,0.6659877800407332,0.671356783919598,0.8423348103624634,0.4513540621865597,0.3302373581011352,0.9920477137176938,0.6618103556165587,0.5406936515311342,0.12111670408542445,0.3328845513524469,0.4549721308213217,0.7316592133929596,0.003009027081243731,1.0,0.33399602385685884,0.6660039761431411,0.3309869967756151,0.9969909729187564,0.33399602385685884,0.0090091703682476,0.003009027081243731,0.006116207951070336,1.0,0.9910447761194028,0.008955223880596995,0.9849285681683326,0.9938837920489296,0.9910447761194028,0.006171474890387237,0.006116207951070336,0.9985074626865672,0.0,0.9940387481371088,0.9940387481371088,0.004468714549458408,0.9985074626865672,0.0,0.9955246057576426,0.0,0.5
[],0.0,True,0.0,0.0,0.0,0.0,3dig_4miss,False,False,60.0,1000.0,64.0,0.001,1e-08,0.5,0.0,dro,True,cmnist,1.0,0.4,0.2,,False,eight,False,0.0,False,False,True,True,False,False,1.0,2.0,0.0,1.0,2.0,"[2, 4, 6]",,,baseline_dro,True,0.0,False,2.0,2.0,results/cmnist/3_digits/4miss/,,,False,4.0,cuda:0,True,0.594885598923284,0.6659877800407332,0.6768844221105528,0.8424727343494122,0.4481737413622902,0.3405349794238683,0.9959473150962512,0.6554123356723829,0.5477735737339611,0.10763876193842192,0.34192067618652905,0.4499974391908245,0.7598280488025959,0.0,0.98559670781893,0.3434650455927052,0.6421316622262249,0.3434650455927052,0.98559670781893,0.3484843677621184,0.0,0.0,0.0,1.0,0.9970414201183432,0.00295857988165682,0.9970414201183432,1.0,0.9970414201183432,0.0,0.0,1.0,0.021374045801526718,0.9969183359013868,0.97554429009986,0.003081664098613213,0.9786259541984732,0.02144011704048044,0.9969183359013868,0.021374045801526718,0.5
[],0.0,True,0.0,0.0,0.0,0.0,3dig_4miss,False,False,60.0,1000.0,64.0,0.001,1e-08,0.5,0.0,dro,True,cmnist,1.0,0.4,0.2,,False,eight,False,0.0,False,False,True,True,False,False,1.0,2.0,0.0,1.0,2.0,"[2, 4, 6]",,,baseline_dro,True,0.0,False,3.0,3.0,results/cmnist/3_digits/4miss/,,,False,4.0,cuda:0,True,0.6133916554508748,0.6425661914460286,0.7683417085427136,0.8230644410243046,0.3372093023255814,0.4967105263157895,0.9941634241245136,0.4974528978087242,0.6569541217989323,0.1595012239902081,0.4996266350808528,0.3391890046875711,0.6788849530263361,0.0,0.8289473684210527,0.32684824902723736,0.5020991193938154,0.32684824902723736,0.8289473684210527,0.3942931258106355,0.0,0.0,0.0,1.0,0.9910979228486648,0.008902077151335286,0.9910979228486648,1.0,0.9910979228486648,0.0,0.0,1.0,0.25365853658536586,0.9971056439942112,0.7434471074088455,0.0028943560057886892,0.7463414634146341,0.2543948458352508,0.9971056439942112,0.25365853658536586,0.5
[],0.0,True,0.0,0.0,0.0,0.0,3dig_4miss,False,False,60.0,1000.0,64.0,0.001,1e-08,0.5,0.0,dro,True,cmnist,1.0,0.4,0.2,,False,eight,False,0.0,False,False,True,True,False,False,1.0,2.0,0.0,1.0,2.0,"[2, 4, 6]",,,baseline_dro,True,0.0,False,1.0,1.0,results/cmnist/3_digits/4miss/,,,False,4.0,cuda:0,True,0.5625841184387618,0.6619144602851323,0.6864321608040201,0.8645639513675403,0.34559535333978697,0.3570691434468524,0.9989690721649483,0.6418999287180961,0.6533737188251614,0.011473790107065396,0.3574376358549503,0.3459520048912213,0.9678667554516,0.0,0.9803921568627452,0.3340206185567009,0.646371538306044,0.3340206185567009,0.9803921568627452,0.34070103092783505,0.0,0.0,0.0,1.0,1.0,0.0,1.0,1.0,1.0,0.0,0.0,1.0,0.029595015576323987,0.9984544049459042,0.9688593893695804,0.001545595054095794,0.9704049844236758,0.029640828293934395,0.9984544049459042,0.029595015576323987,0.5
[],0.0,True,0.0,0.0,0.0,0.0,3dig_4miss,False,False,60.0,1000.0,64.0,0.001,1e-08,0.5,0.0,dro,True,cmnist,1.0,0.4,0.2,,False,eight,False,0.0,False,False,True,True,False,False,1.0,2.0,0.0,1.0,2.0,"[2, 4, 6]",,,baseline_dro,True,0.0,False,6.0,6.0,results/cmnist/3_digits/4miss/,,,False,4.0,cuda:0,True,0.5646029609690444,0.6446028513238289,0.6919597989949748,0.8505258599471889,0.3119918699186992,0.37945066124109866,0.9930348258706468,0.6135841646295481,0.6810429559519475,0.06745879132239946,0.3821121388249541,0.3141801896475879,0.8222198609385558,0.0,0.9450661241098678,0.3154228855721393,0.6296432385377284,0.3154228855721393,0.9450661241098678,0.3337574774137922,0.0,0.0,0.0,1.0,0.9874213836477987,0.012578616352201257,0.9874213836477987,1.0,0.9874213836477987,0.0,0.0,1.0,0.08132530120481928,0.9956331877729258,0.9143078865681064,0.004366812227074246,0.9186746987951808,0.08168199112238428,0.9956331877729258,0.08132530120481928,0.5
[],0.0,True,0.0,0.0,0.0,0.0,3dig_4miss,False,False,60.0,1000.0,64.0,0.001,1e-08,0.5,0.0,dro,True,cmnist,1.0,0.4,0.2,,False,eight,False,0.0,False,False,True,True,False,False,1.0,2.0,0.0,1.0,2.0,"[2, 4, 6]",,,baseline_dro,True,0.0,False,5.0,5.0,results/cmnist/3_digits/4miss/,,,False,4.0,cuda:0,True,0.6514131897711979,0.6629327902240326,0.8130653266331658,0.8321654080396279,0.3153526970954357,0.6234693877551021,0.9931906614785992,0.3697212737234972,0.6778379643831636,0.3081166906596664,0.6277439085330508,0.317514762599518,0.5058030166178837,0.0,0.7091836734693877,0.31906614785992216,0.3901175256094656,0.31906614785992216,0.7091836734693877,0.4499062228816169,0.0,0.0,0.0,1.0,0.9938650306748468,0.006134969325153339,0.9938650306748468,1.0,0.9938650306748468,0.0,0.0,1.0,0.4364471669218989,0.9943019943019944,0.5578548273800954,0.005698005698005715,0.563552833078101,0.4389482968182995,0.9943019943019944,0.4364471669218989,0.5
[],0.0,True,0.0,0.0,0.0,0.0,3dig_4miss,False,False,60.0,1000.0,64.0,0.001,1e-08,0.5,0.0,dro,True,cmnist,1.0,0.4,0.2,,False,eight,False,0.0,False,False,True,True,False,False,1.0,2.0,0.0,1.0,2.0,"[2, 4, 6]",,,baseline_dro,True,0.0,False,7.0,7.0,results/cmnist/3_digits/4miss/,,,False,4.0,cuda:0,True,0.6382907133243607,0.6558044806517311,0.7703517587939699,0.7575927218810241,0.4079457364341085,0.532520325203252,0.99581589958159,0.46329557437833796,0.5878701631474814,0.12457458876914344,0.5347578055612489,0.4096597941502182,0.7660660394106161,0.0,0.7865853658536586,0.3420502092050209,0.4445351566486376,0.3420502092050209,0.7865853658536586,0.4348545295319646,0.0,0.0,0.0,1.0,0.9969418960244648,0.0030581039755351873,0.9969418960244648,1.0,0.9969418960244648,0.0,0.0,1.0,0.3153153153153153,0.9984101748807632,0.6830948595654478,0.0015898251192368873,0.6846846846846847,0.31581740976645434,0.9984101748807632,0.3153153153153153,0.5
[],0.0,True,0.0,0.0,0.0,0.0,3dig_4miss,False,False,60.0,1000.0,64.0,0.001,1e-08,0.5,0.0,dro,True,cmnist,1.0,0.4,0.2,,False,eight,False,0.0,False,False,True,True,False,False,1.0,2.0,0.0,1.0,2.0,"[2, 4, 6]",,,baseline_dro,True,0.0,False,10.0,10.0,results/cmnist/3_digits/4miss/,,,False,4.0,cuda:0,True,0.5521534320323015,0.6435845213849287,0.6849246231155779,0.8569934445290299,0.2952952952952953,0.35991820040899797,0.9989949748743718,0.6390767744653738,0.7036996795790765,0.06462290511370268,0.3602802911538762,0.2955923730571618,0.8204511329511329,0.0,0.9580777096114521,0.3236180904522613,0.6344596191591906,0.3236180904522613,0.9580777096114521,0.3377785405147402,0.0,0.0,0.0,1.0,1.0,0.0,1.0,1.0,1.0,0.0,0.0,1.0,0.06146926536731634,0.9985163204747776,0.9370470551074612,0.0014836795252225474,0.9385307346326835,0.06156060157142825,0.9985163204747776,0.06146926536731634,0.5
[],0.0,True,0.0,0.0,0.0,0.0,3dig_4miss,False,False,60.0,1000.0,64.0,0.001,1e-08,0.5,0.0,dro,True,cmnist,1.0,0.4,0.2,,False,eight,False,0.0,False,False,True,True,False,False,1.0,2.0,0.0,1.0,2.0,"[2, 4, 6]",,,baseline_dro,True,0.0,False,8.0,8.0,results/cmnist/3_digits/4miss/,,,False,4.0,cuda:0,True,0.5514804845222072,0.6710794297352343,0.6537688442211055,0.8622910548643236,0.3202127659574468,0.33783783783783783,0.9919678714859438,0.654130033648106,0.6717551055284969,0.01762507188039103,0.34057336688915635,0.32280558187613057,0.9478297872340424,0.0,1.0,0.3132530120481928,0.6867469879518072,0.3132530120481928,1.0,0.3132530120481928,0.0,0.0,0.0,1.0,0.9903846153846154,0.00961538461538458,0.9903846153846154,1.0,0.9903846153846154,0.0,0.0,1.0,0.0,0.9956140350877192,0.9956140350877192,0.0043859649122807145,1.0,0.0,0.9956140350877192,0.0,0.5
[],0.0,True,0.0,0.0,0.0,0.0,3dig_4miss,False,False,60.0,1000.0,64.0,0.001,1e-08,0.5,0.0,dro,True,cmnist,1.0,0.4,0.2,,False,eight,False,0.0,False,False,True,True,False,False,1.0,2.0,0.0,1.0,2.0,"[2, 4, 6]",,,baseline_dro,True,0.0,False,9.0,9.0,results/cmnist/3_digits/4miss/,,,False,4.0,cuda:0,True,0.5592193808882907,0.6619144602851323,0.6804020100502512,0.8678317534524179,0.3363006923837784,0.3395833333333333,0.9950049950049952,0.6554216616716616,0.6587043026212165,0.003282640949554938,0.3412880689424365,0.3379889488716488,0.9903333272651142,0.0,1.0,0.3256743256743257,0.6743256743256743,0.3256743256743257,1.0,0.3256743256743257,0.0,0.0,0.0,1.0,0.9938650306748468,0.006134969325153339,0.9938650306748468,1.0,0.9938650306748468,0.0,0.0,1.0,0.0,0.997037037037037,0.997037037037037,0.002962962962962945,1.0,0.0,0.997037037037037,0.0,0.5
[],0.0,True,0.0,0.0,0.0,0.0,3dig_4miss,False,False,60.0,1000.0,64.0,0.001,1e-08,0.5,0.0,dro,True,cmnist,1.0,0.4,0.2,,False,eight,False,0.0,False,False,True,True,False,False,1.0,2.0,0.0,1.0,2.0,"[2, 4, 6]",,,baseline_dro,True,0.0,False,11.0,11.0,results/cmnist/3_digits/4miss/,,,False,4.0,cuda:0,True,0.5501345895020189,0.654786150712831,0.6743718592964824,0.8593825225218298,0.2965235173824131,0.3267223382045929,0.996138996138996,0.6694166579344032,0.699615478756583,0.03019882082217978,0.32798870385654866,0.2976728333412597,0.9075703822758844,0.0,1.0,0.32142857142857145,0.6785714285714286,0.32142857142857145,1.0,0.32142857142857145,0.0,0.0,0.0,1.0,0.9969788519637462,0.003021148036253752,0.9969788519637462,1.0,0.9969788519637462,0.0,0.0,1.0,0.0,0.9957446808510638,0.9957446808510638,0.0042553191489361755,1.0,0.0,0.9957446808510638,0.0,0.5
[],0.0,True,0.0,0.0,0.0,0.0,3dig_4miss,False,False,60.0,1000.0,64.0,0.001,1e-08,0.5,0.0,dro,True,cmnist,1.0,0.4,0.2,,False,eight,False,0.0,False,False,True,True,False,False,1.0,2.0,0.0,1.0,2.0,"[2, 4, 6]",,,baseline_dro,True,0.0,False,12.0,12.0,results/cmnist/3_digits/4miss/,,,False,4.0,cuda:0,True,0.5390309555854643,0.6507128309572301,0.6537688442211055,0.8700541151650374,0.32064128256513025,0.3136863136863137,0.9948612538540595,0.6811749401677459,0.6742199712889294,0.006954968878816581,0.315306594232214,0.3222974875370576,0.9783091908091908,0.0,1.0,0.33607399794450155,0.6639260020554985,0.33607399794450155,1.0,0.33607399794450155,0.0,0.0,0.0,1.0,0.9938837920489296,0.006116207951070375,0.9938837920489296,1.0,0.9938837920489296,0.0,0.0,1.0,0.0,0.9969040247678018,0.9969040247678018,0.003095975232198178,1.0,0.0,0.9969040247678018,0.0,0.5
7508762,0.014792899408284025,1.0,0.0,0.995774647887324,0.995774647887324,0.004225352112676051,1.0,0.0,0.995774647887324,0.0,0.5,,,,,,,,,,,,,,,,,,,,,,,,,,,,,,,,,,,,,,,,,,,,,,,,,,,,,,,,,,,,,,,,,,,,,,,,,,,,,,,,,,,,
[],0.0,True,0.0,0.0,0.0,0.0,3dig_4miss,False,False,60.0,1000.0,64.0,0.001,1e-08,0.5,0.0,dro,True,cmnist,1.0,0.4,0.2,,False,eight,False,0.0,False,False,True,True,False,False,1.0,2.0,0.0,1.0,2.0,"[2, 4, 6]",,,baseline_dro,True,0.0,False,15.0,15.0,results/cmnist/3_digits/4miss/,,,False,4.0,cuda:0,True,0.5868102288021534,0.6558044806517311,0.7326633165829146,0.8464982064468652,0.3090727816550349,0.4613821138211382,0.9949238578680204,0.5335417440468821,0.6858510762129855,0.15230933216610332,0.4637361041977767,0.3106496836022544,0.6698846192699435,0.0,0.8495934959349594,0.3451776649746193,0.5044158309603402,0.3451776649746193,0.8495934959349594,0.40628567264955184,0.0,0.0,0.0,1.0,0.9970501474926252,0.002949852507374673,0.9970501474926252,1.0,0.9970501474926252,0.0,0.0,1.0,0.2182890855457227,0.9969040247678018,0.7786149392220791,0.003095975232198178,0.7817109144542773,0.21896700196046096,0.9969040247678018,0.2182890855457227,0.5
[],0.0,True,0.0,0.0,0.0,0.0,3dig_4miss,False,False,60.0,1000.0,64.0,0.001,1e-08,0.5,0.0,dro,True,cmnist,1.0,0.4,0.2,,False,eight,False,0.0,False,False,True,True,False,False,1.0,2.0,0.0,1.0,2.0,"[2, 4, 6]",,,baseline_dro,True,0.0,False,14.0,14.0,results/cmnist/3_digits/4miss/,,,False,4.0,cuda:0,True,0.5639300134589502,0.6608961303462322,0.7015075376884422,0.8675163979820213,0.3417840375586855,0.37194473963868224,0.9958592132505176,0.6239144736118354,0.6540751756918322,0.030160702079996767,0.3734912874126477,0.3432051770079939,0.9189107981220658,0.0,0.9702444208289054,0.3416149068322981,0.6286295139966073,0.3416149068322981,0.9702444208289054,0.3520915961984584,0.0,0.0,0.0,1.0,1.0,0.0,1.0,1.0,1.0,0.0,0.0,1.0,0.04523424878836834,0.9953051643192488,0.9500709155308804,0.00469483568075113,0.9547657512116317,0.04544761788642667,0.9953051643192488,0.04523424878836834,0.5
[],0.0,True,0.0,0.0,0.0,0.0,3dig_4miss,False,False,60.0,1000.0,64.0,0.001,1e-08,0.5,0.0,dro,True,cmnist,1.0,0.4,0.2,,False,eight,False,0.0,False,False,True,True,False,False,1.0,2.0,0.0,1.0,2.0,"[2, 4, 6]",,,baseline_dro,True,0.0,False,16.0,16.0,results/cmnist/3_digits/4miss/,,,False,4.0,cuda:0,True,0.5672947510094213,0.6293279022403259,0.7145728643216079,0.8385959357861773,0.3096153846153846,0.4023231256599789,0.997969543147208,0.5956464174872292,0.6883541585318235,0.09270774104459424,0.403141687461932,0.3102453243602786,0.7695689481122553,0.0,0.9176346356916578,0.3218274111675127,0.5958072245241451,0.3218274111675127,0.9176346356916578,0.3507141063010754,0.0,0.0,0.0,1.0,1.0,0.0,1.0,1.0,1.0,0.0,0.0,1.0,0.12111801242236025,0.9970149253731344,0.8758969129507741,0.0029850746268657025,0.8788819875776397,0.12148064120206792,0.9970149253731344,0.12111801242236025,0.5
[],0.0,True,0.0,0.0,0.0,0.0,3dig_4miss,False,False,60.0,1000.0,64.0,0.001,1e-08,0.5,0.0,dro,True,cmnist,1.0,0.4,0.2,,False,eight,False,0.0,False,False,True,True,False,False,1.0,2.0,0.0,1.0,2.0,"[2, 4, 6]",,,baseline_dro,True,0.0,False,18.0,18.0,results/cmnist/3_digits/4miss/,,,False,4.0,cuda:0,True,0.5380215343203231,0.6323828920570265,0.6668341708542713,0.8794573142075844,0.3420074349442379,0.3164426059979317,0.9956942949407964,0.6792516889428648,0.6536868599965586,0.025564828946306184,0.3178110064563012,0.34348638601426706,0.9252506631896048,0.0,1.0,0.341227125941873,0.6587728740581271,0.341227125941873,1.0,0.341227125941873,0.0,0.0,0.0,1.0,0.9936908517350158,0.006309148264984188,0.9936908517350158,1.0,0.9936908517350158,0.0,0.0,1.0,0.0,0.9967320261437908,0.9967320261437908,0.003267973856209139,1.0,0.0,0.9967320261437908,0.0,0.5
[],0.0,True,0.0,0.0,0.0,0.0,3dig_4miss,False,False,60.0,1000.0,64.0,0.001,1e-08,0.5,0.0,dro,True,cmnist,1.0,0.4,0.2,,False,eight,False,0.0,False,False,True,True,False,False,1.0,2.0,0.0,1.0,2.0,"[2, 4, 6]",,,baseline_dro,True,0.0,False,17.0,17.0,results/cmnist/3_digits/4miss/,,,False,4.0,cuda:0,True,0.5999327052489906,0.6507128309572301,0.750251256281407,0.8528490994685792,0.3375,0.5059760956175299,0.9956896551724138,0.489713559554884,0.6581896551724138,0.16847609561752985,0.5081664683258309,0.33896103896103896,0.6670275590551181,0.0,0.8187250996015937,0.33836206896551724,0.4803630306360765,0.33836206896551724,0.8187250996015937,0.413279218055206,0.0,0.0,0.0,1.0,0.9905063291139241,0.009493670886076,0.9905063291139241,1.0,0.9905063291139241,0.0,0.0,1.0,0.26843657817109146,0.9983660130718954,0.729929434900804,0.0016339869281045696,0.7315634218289085,0.26887591790623233,0.9983660130718954,0.26843657817109146,0.5
[],0.0,True,0.0,0.0,0.0,0.0,3dig_4miss,False,False,60.0,1000.0,64.0,0.001,1e-08,0.5,0.0,dro,True,cmnist,1.0,0.4,0.2,,False,eight,False,0.0,False,False,True,True,False,False,1.0,2.0,0.0,1.0,2.0,"[2, 4, 6]",,,baseline_dro,True,0.0,False,19.0,19.0,results/cmnist/3_digits/4miss/,,,False,4.0,cuda:0,True,0.5767160161507402,0.6782077393075356,0.6944723618090453,0.8371436810126356,0.32362122788761705,0.3760330578512397,0.9961649089165868,0.6201318510653471,0.6725436810289698,0.05241182996362265,0.37748073083623,0.3248671228939216,0.8606190895472893,0.0,0.9369834710743802,0.35186960690316393,0.5851138641712162,0.35186960690316393,0.9369834710743802,0.375534486750014,0.0,0.0,0.0,1.0,1.0,0.0,1.0,1.0,1.0,0.0,0.0,1.0,0.09172932330827067,0.9941176470588236,0.9023883237505528,0.00588235294117645,0.9082706766917292,0.09227210036926636,0.9941176470588236,0.09172932330827067,0.5
[],0.0,True,0.0,0.0,0.0,0.0,3dig_4miss,False,False,60.0,1000.0,64.0,0.001,1e-08,0.5,0.0,dro,True,cmnist,1.0,0.4,0.2,,False,eight,False,0.0,False,False,True,True,False,False,1.0,2.0,0.0,1.0,2.0,"[2, 4, 6]",,,baseline_dro,True,0.0,False,20.0,20.0,results/cmnist/3_digits/4miss/,,,False,4.0,cuda:0,True,0.5689771197846568,0.6812627291242362,0.6849246231155779,0.8645495833613995,0.3302469135802469,0.3616803278688525,0.9931640625,0.6314837346311475,0.6629171489197531,0.03143341428860552,0.3641697696535938,0.3325199995144276,0.9130906165844788,0.0,1.0,0.3125,0.6875,0.3125,1.0,0.3125,0.0,0.0,0.0,1.0,0.9937106918238994,0.006289308176100628,0.9937106918238994,1.0,0.9937106918238994,0.0,0.0,1.0,0.0,0.9943342776203966,0.9943342776203966,0.005665722379603388,1.0,0.0,0.9943342776203966,0.0,0.5
[],0.0,True,0.0,0.0,0.0,0.0,3dig_4miss,False,False,60.0,1000.0,64.0,0.001,1e-08,0.5,0.0,dro,True,cmnist,1.0,0.4,0.2,,False,eight,False,0.0,False,False,True,True,False,False,1.0,2.0,0.0,1.0,2.0,"[2, 4, 6]",,,baseline_dro,True,0.0,False,21.0,21.0,results/cmnist/3_digits/4miss/,,,False,4.0,cuda:0,True,0.5528263795423957,0.6384928716904277,0.6587939698492462,0.8573885169736396,0.32989690721649484,0.3172205438066465,0.9990089197224976,0.6817883759158512,0.6691120125060026,0.01267636340984829,0.3175352467270897,0.33022418589428904,0.9615747734138974,0.0,1.0,0.31020812685827553,0.6897918731417245,0.31020812685827553,1.0,0.31020812685827553,0.0,0.0,0.0,1.0,1.0,0.0,1.0,1.0,1.0,0.0,0.0,1.0,0.0,0.9985652797704448,0.9985652797704448,0.0014347202295552641,1.0,0.0,0.9985652797704448,0.0,0.5
[],0.0,True,0.0,0.0,0.0,0.0,3dig_4miss,False,False,60.0,1000.0,64.0,0.001,1e-08,0.5,0.0,dro,True,cmnist,1.0,0.4,0.2,,False,eight,False,0.0,False,False,True,True,False,False,1.0,2.0,0.0,1.0,2.0,"[2, 4, 6]",,,baseline_dro,True,0.0,False,22.0,22.0,results/cmnist/3_digits/4miss/,,,False,4.0,cuda:0,True,0.5477792732166891,0.6710794297352343,0.6663316582914572,0.8646855007803917,0.3047034764826176,0.3286004056795132,0.998015873015873,0.6694154673363598,0.6933123965332555,0.023896929196895626,0.3292536868041246,0.3053092488016685,0.9272766290489536,0.0,1.0,0.3343253968253968,0.6656746031746033,0.3343253968253968,1.0,0.3343253968253968,0.0,0.0,0.0,1.0,1.0,0.0,1.0,1.0,1.0,0.0,0.0,1.0,0.0,0.9970282317979198,0.9970282317979198,0.0029717682020802267,1.0,0.0,0.9970282317979198,0.0,0.5
[],0.0,True,0.0,0.0,0.0,0.0,3dig_4miss,False,False,60.0,1000.0,64.0,0.001,1e-08,0.5,0.0,dro,True,cmnist,1.0,0.4,0.2,,False,eight,False,0.0,False,False,True,True,False,False,1.0,2.0,0.0,1.0,2.0,"[2, 4, 6]",,,baseline_dro,True,0.0,False,23.0,23.0,results/cmnist/3_digits/4miss/,,,False,4.0,cuda:0,True,0.569650067294751,0.6527494908350305,0.7150753768844221,0.839565243632447,0.3085210577864839,0.4215885947046843,0.9948400412796696,0.5732514465749854,0.6863189834931859,0.11306753691820046,0.4237752575402895,0.31012127074180795,0.731805987309969,0.0,0.8961303462321792,0.3384932920536636,0.5576370541785156,0.3384932920536636,0.8961303462321792,0.3777277418144291,0.0,0.0,0.0,1.0,0.9879518072289156,0.012048192771084376,0.9879518072289156,1.0,0.9879518072289156,0.0,0.0,1.0,0.15246636771300448,1.0,0.8475336322869955,0.0,0.8475336322869955,0.15246636771300448,1.0,0.15246636771300448,0.5
[],0.0,True,0.0,0.0,0.0,0.0,3dig_4miss,False,False,60.0,1000.0,64.0,0.001,1e-08,0.5,0.0,dro,True,cmnist,1.0,0.4,0.2,,False,eight,False,0.0,False,False,True,True,False,False,1.0,2.0,0.0,1.0,2.0,"[2, 4, 6]",,,baseline_dro,True,0.0,False,24.0,24.0,results/cmnist/3_digits/4miss/,,,False,4.0,cuda:0,True,0.5521534320323015,0.6527494908350305,0.6708542713567839,0.8748937930316256,0.3333333333333333,0.34934934934934936,0.9927234927234928,0.6433741433741433,0.6593901593901594,0.016016016016016044,0.3519100252084545,0.3357766143106457,0.954154727793696,0.0,1.0,0.3087318087318087,0.6912681912681913,0.3087318087318087,1.0,0.3087318087318087,0.0,0.0,0.0,1.0,0.9931972789115646,0.006802721088435382,0.9931972789115646,1.0,0.9931972789115646,0.0,0.0,1.0,0.0,0.9925149700598802,0.9925149700598802,0.0074850299401197935,1.0,0.0,0.9925149700598802,0.0,0.5
[],0.0,True,0.0,0.0,0.0,0.0,3dig_4miss,False,False,60.0,1000.0,64.0,0.001,1e-08,0.5,0.0,dro,True,cmnist,1.0,0.4,0.2,,False,eight,False,0.0,False,False,True,True,False,False,1.0,2.0,0.0,1.0,2.0,"[2, 4, 6]",,,baseline_dro,True,0.0,False,25.0,25.0,results/cmnist/3_digits/4miss/,,,False,4.0,cuda:0,True,0.6265141318977121,0.6486761710794298,0.7974874371859296,0.8379090377573969,0.3061023622047244,0.5930824008138352,0.9948612538540595,0.4017788530402244,0.6887588916493352,0.2869800386091108,0.5961458429667992,0.3076834694475174,0.5161211355870396,0.0,0.745676500508647,0.31551901336073995,0.430157487147907,0.31551901336073995,0.745676500508647,0.4231312280131069,0.0,0.0,0.0,1.0,0.99672131147541,0.003278688524590123,0.99672131147541,1.0,0.99672131147541,0.0,0.0,1.0,0.38461538461538464,0.9955089820359282,0.6108935974205436,0.0044910179640718076,0.6153846153846154,0.3863504916136496,0.9955089820359282,0.38461538461538464,0.5
[],0.0,True,0.0,0.0,0.0,0.0,3dig_4miss,False,False,60.0,1000.0,64.0,0.001,1e-08,0.5,0.0,dro,True,cmnist,1.0,0.4,0.2,,False,eight,False,0.0,False,False,True,True,False,False,1.0,2.0,0.0,1.0,2.0,"[2, 4, 6]",,,baseline_dro,True,0.0,False,26.0,26.0,results/cmnist/3_digits/4miss/,,,False,4.0,cuda:0,True,0.5491251682368775,0.6558044806517311,0.6663316582914572,0.8596579093629229,0.30761316872427985,0.33665338645418325,0.998995983935743,0.6623425974815598,0.6913828152114632,0.029040217729903395,0.3369917315661975,0.30792232768782185,0.9137385248496359,0.0,0.9820717131474104,0.3232931726907631,0.6587785404566473,0.3232931726907631,0.9820717131474104,0.32919507645185203,0.0,0.0,0.0,1.0,1.0,0.0,1.0,1.0,1.0,0.0,0.0,1.0,0.02643171806167401,0.9985185185185184,0.9720868004568444,0.001481481481481528,0.9735682819383259,0.026470934260578567,0.9985185185185184,0.02643171806167401,0.5
[],0.0,True,0.0,0.0,0.0,0.0,3dig_4miss,False,False,60.0,1000.0,64.0,0.001,1e-08,0.5,0.0,dro,True,cmnist,1.0,0.4,0.2,,False,eight,False,0.0,False,False,True,True,False,False,1.0,2.0,0.0,1.0,2.0,"[2, 4, 6]",,,baseline_dro,True,0.0,False,27.0,27.0,results/cmnist/3_digits/4miss/,,,False,4.0,cuda:0,True,0.5484522207267833,0.6731160896130346,0.6517587939698493,0.8658036281688345,0.3053763440860215,0.32289628180039137,0.996078431372549,0.6731821495721577,0.6907020872865275,0.017519937714369882,0.32416752700432994,0.3065786131572263,0.9457412838058,0.0,1.0,0.3254901960784314,0.6745098039215687,0.3254901960784314,1.0,0.3254901960784314,0.0,0.0,0.0,1.0,0.993993993993994,0.006006006006005982,0.993993993993994,1.0,0.993993993993994,0.0,0.0,1.0,0.0,0.9985443959243084,0.9985443959243084,0.0014556040756914526,1.0,0.0,0.9985443959243084,0.0,0.5
[],0.0,True,0.0,0.0,0.0,0.0,3dig_4miss,False,False,60.0,1000.0,64.0,0.001,1e-08,0.5,0.0,dro,True,cmnist,1.0,0.4,0.2,,False,eight,False,0.0,False,False,True,True,False,False,1.0,2.0,0.0,1.0,2.0,"[2, 4, 6]",,,baseline_dro,True,0.0,False,28.0,28.0,results/cmnist/3_digits/4miss/,,,False,4.0,cuda:0,True,0.5999327052489906,0.6782077393075356,0.7266331658291457,0.8175989820074018,0.3364293085655315,0.4418125643666324,0.996124031007752,0.5543114666411195,0.6596947224422205,0.10538325580110086,0.4435316794030784,0.3377383720229849,0.7614751949117274,0.0,0.8856848609680742,0.3391472868217054,0.5465375741463687,0.3391472868217054,0.8856848609680742,0.3829209482603209,0.0,0.0,0.0,1.0,0.9971264367816092,0.002873563218390829,0.9971264367816092,1.0,0.9971264367816092,0.0,0.0,1.0,0.17024539877300612,0.9956140350877192,0.8253686363147131,0.0043859649122807145,0.8297546012269938,0.1709953785032837,0.9956140350877192,0.17024539877300612,0.5
[],0.0,True,0.0,0.0,0.0,0.0,3dig_4miss,False,False,60,1000,64,0.001,1e-08,0.5,0.0,dro,True,cmnist,1.0,0.4,0.2,,False,eight,False,0.0,False,False,True,True,False,False,1.0,2,0,1,2,"[2, 4, 6]",,,baseline_dro,True,0,False,29,29,results/cmnist/3_digits/4miss/,,,False,4,cuda:0,True,0.550471063257066,0.6832993890020367,0.6653266331658292,0.8644517329519957,0.3241869918699187,0.3319919517102616,0.9929577464788732,0.6609657947686116,0.6687707546089545,0.007804959840342907,0.3343465045592705,0.3264861903938188,0.9764905149051489,0.0,0.9989939637826962,0.3460764587525151,0.6529175050301812,0.3460764587525151,0.9989939637826962,0.34642497482376633,0.0,0.0,0.0,1.0,0.9941860465116279,0.005813953488372103,0.9941860465116279,1.0,0.9941860465116279,0.0,0.0,1.0,0.0015037593984962407,0.9969230769230769,0.9954193175245807,0.003076923076923088,0.9984962406015038,0.0015084006312076489,0.9969230769230769,0.0015037593984962407,0.5
