bias.missing_s,bias.mixing_factor,bias.adult_biased_train,bias.subsample_train.1,bias.subsample_train.2,bias.subsample_train.5,bias.subsample_train.7,bias.log_dataset,baselines.greyscale,baselines.labelled_context_set,baselines.epochs,baselines.test_batch_size,baselines.batch_size,baselines.lr,baselines.weight_decay,baselines.eta,baselines.c,baselines.method,baselines.oversample,data.log_name,data.data_pcnt,data.context_pcnt,data.test_pcnt,data.root,data.transductive,data.quant_level,data.input_noise,data.scale,data.greyscale,data.background,data.black,data.binarize,data.rotate_data,data.shift_data,data.color_correlation,data.padding,data.filter_map_labels.2,data.filter_map_labels.4,data.filter_map_labels.6,data.colors,misc.cluster_label_file,misc.exp_group,misc.log_method,misc.use_wandb,misc.gpu,misc.use_amp,misc.seed,misc.data_split_seed,misc.save_dir,misc.results_csv,misc.resume,misc.evaluate,misc.num_workers,misc.device,misc.use_gpu,Accuracy (lff),TPR (lff),TNR (lff),Renyi preds and s (lff),Accuracy_colour_2.0 (lff),Accuracy_colour_1.0 (lff),Accuracy_colour_0.0 (lff),Accuracy_colour_0.0-colour_1.0 (lff),Accuracy_colour_0.0-colour_2.0 (lff),Accuracy_colour_1.0-colour_2.0 (lff),Accuracy_colour_0.0÷colour_1.0 (lff),Accuracy_colour_0.0÷colour_2.0 (lff),Accuracy_colour_1.0÷colour_2.0 (lff),prob_pos_colour_2.0 (lff),prob_pos_colour_1.0 (lff),prob_pos_colour_0.0 (lff),prob_pos_colour_0.0-colour_1.0 (lff),prob_pos_colour_0.0-colour_2.0 (lff),prob_pos_colour_1.0-colour_2.0 (lff),prob_pos_colour_0.0÷colour_1.0 (lff),prob_pos_colour_0.0÷colour_2.0 (lff),prob_pos_colour_1.0÷colour_2.0 (lff),TPR_colour_2.0 (lff),TPR_colour_1.0 (lff),TPR_colour_0.0 (lff),TPR_colour_0.0-colour_1.0 (lff),TPR_colour_0.0-colour_2.0 (lff),TPR_colour_1.0-colour_2.0 (lff),TPR_colour_0.0÷colour_1.0 (lff),TPR_colour_0.0÷colour_2.0 (lff),TPR_colour_1.0÷colour_2.0 (lff),TNR_colour_2.0 (lff),TNR_colour_1.0 (lff),TNR_colour_0.0 (lff),TNR_colour_0.0-colour_1.0 (lff),TNR_colour_0.0-colour_2.0 (lff),TNR_colour_1.0-colour_2.0 (lff),TNR_colour_0.0÷colour_1.0 (lff),TNR_colour_0.0÷colour_2.0 (lff),TNR_colour_1.0÷colour_2.0 (lff)
[],0.0,True,0.0,0.0,0.0,0.0,3dig_4miss,False,False,60,1000,64,0.001,1e-08,0.5,0.0,lff,True,cmnist,1.0,0.4,0.2,,False,eight,False,0.0,False,False,True,True,False,False,1.0,2,0,1,2,"[2, 4, 6]",,,baseline_lff,True,0,False,1,1,results/cmnist/3_digits/4miss/,,,False,4,cuda:0,True,0.5612382234185733,0.6619144602851323,0.6844221105527638,0.8658117803889637,0.34559535333978697,0.35190918472652216,1.0,0.6480908152734779,0.6544046466602129,0.006313831386735136,0.35190918472652216,0.34559535333978697,0.9820583501063156,0.0,0.9855521155830752,0.3329896907216495,0.6525624248614259,0.3329896907216495,0.9855521155830752,0.3378712149835375,0.0,0.0,0.0,1.0,1.0,0.0,1.0,1.0,1.0,0.0,0.0,1.0,0.02180685358255452,1.0,0.9781931464174456,0.0,0.9781931464174456,0.02180685358255452,1.0,0.02180685358255452
[],0.0,True,0.0,0.0,0.0,0.0,3dig_4miss,False,False,60,1000,64,0.001,1e-08,0.5,0.0,lff,True,cmnist,1.0,0.4,0.2,,False,eight,False,0.0,False,False,True,True,False,False,1.0,2,0,1,2,"[2, 4, 6]",,,baseline_lff,True,0,False,0,0,results/cmnist/3_digits/4miss/,,,False,4,cuda:0,True,0.7644683714670256,0.994908350305499,0.6587939698492462,0.6200416597197496,0.9598796389167502,0.3302373581011352,0.989065606361829,0.6588282482606939,0.02918596744507884,0.629642280815615,0.3338882233665749,0.9704913736183424,0.3440403824731785,0.3440320962888666,1.0,0.341948310139165,0.6580516898608351,0.0020837861497016164,0.6559679037111334,0.341948310139165,0.9939430472558236,0.3440320962888666,0.9847094801223242,1.0,1.0,0.0,0.015290519877675825,0.015290519877675825,1.0,0.9847094801223242,0.9847094801223242,0.9686567164179104,0.0,0.9865871833084948,0.9865871833084948,0.017930466890584418,0.9686567164179104,0.0,0.9818257654326552,0.0
[],0.0,True,0.0,0.0,0.0,0.0,3dig_4miss,False,False,60,1000,64,0.001,1e-08,0.5,0.0,lff,True,cmnist,1.0,0.4,0.2,,False,eight,False,0.0,False,False,True,True,False,False,1.0,2,0,1,2,"[2, 4, 6]",,,baseline_lff,True,0,False,2,2,results/cmnist/3_digits/4miss/,,,False,4,cuda:0,True,0.5555181695827726,0.6659877800407332,0.6703517587939698,0.8689642666622306,0.3455083909180652,0.32613168724279834,0.9969604863221884,0.6708287990793902,0.6514520954041233,0.01937670367526684,0.32712599116731905,0.34656177015866896,0.9439182833627277,0.0,1.0,0.342451874366768,0.6575481256332321,0.342451874366768,1.0,0.342451874366768,0.0,0.0,0.0,1.0,0.9970414201183432,0.00295857988165682,0.9970414201183432,1.0,0.9970414201183432,0.0,0.0,1.0,0.0,0.9984591679506932,0.9984591679506932,0.0015408320493066616,1.0,0.0,0.9984591679506932,0.0
[],0.0,True,0.0,0.0,0.0,0.0,3dig_4miss,False,False,60,1000,64,0.001,1e-08,0.5,0.0,lff,True,cmnist,1.0,0.4,0.2,,False,eight,False,0.0,False,False,True,True,False,False,1.0,2,0,1,2,"[2, 4, 6]",,,baseline_lff,True,0,False,3,3,results/cmnist/3_digits/4miss/,,,False,4,cuda:0,True,0.5619111709286676,0.6435845213849287,0.6904522613065327,0.8642901360618537,0.3372093023255814,0.3256578947368421,0.9970817120622568,0.6714238173254148,0.6598724097366755,0.011551407588739291,0.3266110397946085,0.3381962563811685,0.9657441016333941,0.0,1.0,0.32684824902723736,0.6731517509727627,0.32684824902723736,1.0,0.32684824902723736,0.0,0.0,0.0,1.0,0.9940652818991098,0.005934718100890191,0.9940652818991098,1.0,0.9940652818991098,0.0,0.0,1.0,0.0,0.9985528219971056,0.9985528219971056,0.0014471780028944006,1.0,0.0,0.9985528219971056,0.0
[],0.0,True,0.0,0.0,0.0,0.0,3dig_4miss,False,False,60,1000,64,0.001,1e-08,0.5,0.0,lff,True,cmnist,1.0,0.4,0.2,,False,eight,False,0.0,False,False,True,True,False,False,1.0,2,0,1,2,"[2, 4, 6]",,,baseline_lff,True,0,False,4,4,results/cmnist/3_digits/4miss/,,,False,4,cuda:0,True,0.5454239569313594,0.6720977596741344,0.6608040201005025,0.8650849880094661,0.31076923076923074,0.3270189431704885,0.9959758551307848,0.6689569119602962,0.6852066243615539,0.016249712401257776,0.32834023182976324,0.312024864024864,0.9503095684803,0.0,1.0,0.33400402414486924,0.6659959758551308,0.33400402414486924,1.0,0.33400402414486924,0.0,0.0,0.0,1.0,0.988095238095238,0.011904761904761862,0.988095238095238,1.0,0.988095238095238,0.0,0.0,1.0,0.0,1.0,1.0,0.0,1.0,0.0,1.0,0.0
[],0.0,True,0.0,0.0,0.0,0.0,3dig_4miss,False,False,60,1000,64,0.001,1e-08,0.5,0.0,lff,True,cmnist,1.0,0.4,0.2,,False,eight,False,0.0,False,False,True,True,False,False,1.0,2,0,1,2,"[2, 4, 6]",,,baseline_lff,True,0,False,5,5,results/cmnist/3_digits/4miss/,,,False,4,cuda:0,True,0.6281965006729475,0.6364562118126272,0.8,0.7950560825943068,0.3153526970954357,0.573469387755102,0.9737354085603112,0.4002660208052092,0.6583827114648756,0.2581166906596664,0.5889375930192257,0.32385871390020765,0.5499032796326102,0.0,0.736734693877551,0.2928015564202335,0.4439331374573175,0.2928015564202335,0.736734693877551,0.3974314754734472,0.0,0.0,0.0,0.9908256880733946,0.9233128834355828,0.06751280463781173,0.9233128834355828,0.9908256880733946,0.9318620768007272,0.0,0.0,1.0,0.3905053598774885,1.0,0.6094946401225114,0.0,0.6094946401225114,0.3905053598774885,1.0,0.3905053598774885
[],0.0,True,0.0,0.0,0.0,0.0,3dig_4miss,False,False,60,1000,64,0.001,1e-08,0.5,0.0,lff,True,cmnist,1.0,0.4,0.2,,False,eight,False,0.0,False,False,True,True,False,False,1.0,2,0,1,2,"[2, 4, 6]",,,baseline_lff,True,0,False,6,6,results/cmnist/3_digits/4miss/,,,False,4,cuda:0,True,0.598250336473755,0.7627291242362525,0.6663316582914572,0.7646806463334482,0.4654471544715447,0.32451678535096645,0.9960199004975124,0.671503115146546,0.5305727460259677,0.14093036912057827,0.3258135557219993,0.4673070831607417,0.6972151021514214,0.11788617886178862,1.0,0.3124378109452736,0.6875621890547263,0.1945516320834849,0.8821138211382114,0.3124378109452736,0.3773108590958521,0.11788617886178862,0.336231884057971,1.0,0.9874213836477987,0.012578616352201257,0.6511894995898277,0.6637681159420289,0.9874213836477987,0.3405150927720853,0.336231884057971,1.0,0.0,1.0,1.0,0.0,1.0,0.0,1.0,0.0
[],0.0,True,0.0,0.0,0.0,0.0,3dig_4miss,False,False,60,1000,64,0.001,1e-08,0.5,0.0,lff,True,cmnist,1.0,0.4,0.2,,False,eight,False,0.0,False,False,True,True,False,False,1.0,2,0,1,2,"[2, 4, 6]",,,baseline_lff,True,0,False,7,7,results/cmnist/3_digits/4miss/,,,False,4,cuda:0,True,0.5410497981157469,0.6558044806517311,0.6683417085427136,0.8714813972202232,0.3187984496124031,0.33028455284552843,0.997907949790795,0.6676233969452665,0.6791095001783919,0.011486103233125322,0.3309769732917455,0.31946679017762825,0.9652236135957069,0.0,0.9928861788617886,0.3420502092050209,0.6508359696567677,0.3420502092050209,0.9928861788617886,0.3445009271829484,0.0,0.0,0.0,1.0,0.9969418960244648,0.0030581039755351873,0.9969418960244648,1.0,0.9969418960244648,0.0,0.0,1.0,0.010510510510510513,0.9984101748807632,0.9878996643702526,0.0015898251192368873,0.9894894894894894,0.010527246992215146,0.9984101748807632,0.010510510510510513
[],0.0,True,0.0,0.0,0.0,0.0,3dig_4miss,False,False,60,1000,64,0.001,1e-08,0.5,0.0,lff,True,cmnist,1.0,0.4,0.2,,False,eight,False,0.0,False,False,True,True,False,False,1.0,2,0,1,2,"[2, 4, 6]",,,baseline_lff,True,0,False,8,8,results/cmnist/3_digits/4miss/,,,False,4,cuda:0,True,0.5454239569313594,0.6720977596741344,0.65678391959799,0.866062231678465,0.2936170212765957,0.34266409266409265,0.993975903614458,0.6513118109503653,0.7003588823378621,0.04904707138749692,0.3447408447408447,0.2953965183752417,0.8568654480071921,0.0,0.9951737451737452,0.3132530120481928,0.6819207331255523,0.3132530120481928,0.9951737451737452,0.3147721828146729,0.0,0.0,0.0,1.0,0.9935897435897436,0.006410256410256388,0.9935897435897436,1.0,0.9935897435897436,0.0,0.0,1.0,0.00728862973760933,0.9970760233918128,0.9897873936542037,0.0029239766081871066,0.9927113702623906,0.007310004018364781,0.9970760233918128,0.00728862973760933
[],0.0,True,0.0,0.0,0.0,0.0,3dig_4miss,False,False,60,1000,64,0.001,1e-08,0.5,0.0,lff,True,cmnist,1.0,0.4,0.2,,False,eight,False,0.0,False,False,True,True,False,False,1.0,2,0,1,2,"[2, 4, 6]",,,baseline_lff,True,0,False,9,9,results/cmnist/3_digits/4miss/,,,False,4,cuda:0,True,0.5588829071332436,0.659877800407332,0.6809045226130653,0.8681391967646874,0.3363006923837784,0.3395833333333333,0.994005994005994,0.6544226606726606,0.6577053016222156,0.003282640949554938,0.3416310720268007,0.3383286362574495,0.9903333272651142,0.0,1.0,0.3226773226773227,0.6773226773226773,0.3226773226773227,1.0,0.3226773226773227,0.0,0.0,0.0,1.0,0.9877300613496932,0.012269938650306787,0.9877300613496932,1.0,0.9877300613496932,0.0,0.0,1.0,0.0,0.9985185185185184,0.9985185185185184,0.001481481481481528,1.0,0.0,0.9985185185185184,0.0
[],0.0,True,0.0,0.0,0.0,0.0,3dig_4miss,False,False,60,1000,64,0.001,1e-08,0.5,0.0,lff,True,cmnist,1.0,0.4,0.2,,False,eight,False,0.0,False,False,True,True,False,False,1.0,2,0,1,2,"[2, 4, 6]",,,baseline_lff,True,0,False,10,10,results/cmnist/3_digits/4miss/,,,False,4,cuda:0,True,0.5464333781965006,0.6690427698574338,0.6648241206030151,0.8437025977124949,0.3213213213213213,0.3179959100204499,0.9969849246231156,0.6789890146026657,0.6756636033017943,0.003325411300871384,0.3189575911999472,0.32229305918822043,0.9896508227739236,0.026026026026026026,1.0,0.32160804020100503,0.6783919597989949,0.295582014174979,0.9739739739739741,0.32160804020100503,0.08092467467467468,0.026026026026026026,0.07428571428571429,1.0,0.9968847352024922,0.0031152647975077885,0.922599020916778,0.9257142857142856,0.9968847352024922,0.07451785714285715,0.07428571428571429,1.0,0.0,1.0,1.0,0.0,1.0,0.0,1.0,0.0
[],0.0,True,0.0,0.0,0.0,0.0,3dig_4miss,False,False,60,1000,64,0.001,1e-08,0.5,0.0,lff,True,cmnist,1.0,0.4,0.2,,False,eight,False,0.0,False,False,True,True,False,False,1.0,2,0,1,2,"[2, 4, 6]",,,baseline_lff,True,0,False,11,11,results/cmnist/3_digits/4miss/,,,False,4,cuda:0,True,0.550471063257066,0.6466395112016293,0.6804020100502512,0.8515525342779651,0.2965235173824131,0.3340292275574113,0.9903474903474904,0.6563182627900791,0.6938239729650773,0.03750571017499815,0.3372848730501736,0.2994136101444249,0.8877172801635993,0.0,0.9895615866388308,0.31177606177606176,0.6777855248627691,0.31177606177606176,0.9895615866388308,0.31506483879901603,0.0,0.0,0.0,1.0,0.972809667673716,0.027190332326283984,0.972809667673716,1.0,0.972809667673716,0.0,0.0,1.0,0.015503875968992246,0.998581560283688,0.9830776843146956,0.0014184397163120588,0.9844961240310076,0.015525898520084569,0.998581560283688,0.015503875968992246
[],0.0,True,0.0,0.0,0.0,0.0,3dig_4miss,False,False,60,1000,64,0.001,1e-08,0.5,0.0,lff,True,cmnist,1.0,0.4,0.2,,False,eight,False,0.0,False,False,True,True,False,False,1.0,2,0,1,2,"[2, 4, 6]",,,baseline_lff,True,0,False,12,12,results/cmnist/3_digits/4miss/,,,False,4,cuda:0,True,0.6207940780619112,0.6446028513238289,0.6557788944723618,0.8419717505689969,0.5691382765531062,0.3166833166833167,0.9866392600205552,0.6699559433372384,0.4175009834674488,0.25245495986978955,0.32097173659673656,0.5768453573814295,0.5564259683977993,0.0,0.996003996003996,0.3299075025693731,0.666096493434623,0.3299075025693731,0.996003996003996,0.3312311033820887,0.0,0.0,0.0,1.0,0.9755351681957186,0.024464831804281384,0.9755351681957186,1.0,0.9755351681957186,0.0,0.0,1.0,0.005822416302765648,0.9969040247678018,0.991081608465036,0.003095975232198178,0.9941775836972344,0.005840498340972995,0.9969040247678018,0.005822416302765648
[],0.0,True,0.0,0.0,0.0,0.0,3dig_4miss,False,False,60,1000,64,0.001,1e-08,0.5,0.0,lff,True,cmnist,1.0,0.4,0.2,,False,eight,False,0.0,False,False,True,True,False,False,1.0,2,0,1,2,"[2, 4, 6]",,,baseline_lff,True,0,False,13,13,results/cmnist/3_digits/4miss/,,,False,4,cuda:0,True,0.585464333781965,0.664969450101833,0.6809045226130653,0.8421018826267821,0.39593908629441626,0.3413111342351717,0.9961013645224172,0.6547902302872455,0.600162278228001,0.05462795205924459,0.3426469899464639,0.3974887500372515,0.8620294031324207,0.01015228426395939,1.0,0.30896686159844056,0.6910331384015594,0.2988145773344812,0.9898477157360406,0.30896686159844056,0.03285881279123765,0.01015228426395939,0.02958579881656805,1.0,0.9968354430379748,0.003164556962025333,0.9672496442214066,0.970414201183432,0.9968354430379748,0.029679721987414295,0.02958579881656805,1.0,0.0,0.9971830985915492,0.9971830985915492,0.0028169014084507005,1.0,0.0,0.9971830985915492,0.0
[],0.0,True,0.0,0.0,0.0,0.0,3dig_4miss,False,False,60,1000,64,0.001,1e-08,0.5,0.0,lff,True,cmnist,1.0,0.4,0.2,,False,eight,False,0.0,False,False,True,True,False,False,1.0,2,0,1,2,"[2, 4, 6]",,,baseline_lff,True,0,False,14,14,results/cmnist/3_digits/4miss/,,,False,4,cuda:0,True,0.5551816958277255,0.6608961303462322,0.6884422110552764,0.8735138306963706,0.3417840375586855,0.3421891604675877,0.9979296066252588,0.655740446157671,0.6561455690665733,0.00040512290890221125,0.3428990964851553,0.34249313307229273,0.9988160849152888,0.0,1.0,0.3395445134575569,0.660455486542443,0.3395445134575569,1.0,0.3395445134575569,0.0,0.0,0.0,1.0,1.0,0.0,1.0,1.0,1.0,0.0,0.0,1.0,0.0,0.9984350547730828,0.9984350547730828,0.0015649452269170805,1.0,0.0,0.9984350547730828,0.0
[],0.0,True,0.0,0.0,0.0,0.0,3dig_4miss,False,False,60,1000,64,0.001,1e-08,0.5,0.0,lff,True,cmnist,1.0,0.4,0.2,,False,eight,False,0.0,False,False,True,True,False,False,1.0,2,0,1,2,"[2, 4, 6]",,,baseline_lff,True,0,False,15,15,results/cmnist/3_digits/4miss/,,,False,4,cuda:0,True,0.5632570659488559,0.6578411405295316,0.6959798994974874,0.8528267372924271,0.31106679960119643,0.3861788617886179,0.9969543147208122,0.6107754529321943,0.6858875151196158,0.07511206218742145,0.3873586342788071,0.3120171055062917,0.8054992915988877,0.001994017946161516,0.9247967479674796,0.34416243654822337,0.5806343114192563,0.3421684186020619,0.9228027300213182,0.3721492720477492,0.0057938279556610395,0.0021561688560691548,0.005934718100890208,1.0,0.9970501474926252,0.002949852507374673,0.9911154293917352,0.9940652818991098,0.9970501474926252,0.005952276438466807,0.005934718100890208,1.0,0.10914454277286137,0.9984520123839008,0.8893074696110396,0.001547987616099089,0.8908554572271387,0.10931375911824563,0.9984520123839008,0.10914454277286137
[],0.0,True,0.0,0.0,0.0,0.0,3dig_4miss,False,False,60,1000,64,0.001,1e-08,0.5,0.0,lff,True,cmnist,1.0,0.4,0.2,,False,eight,False,0.0,False,False,True,True,False,False,1.0,2,0,1,2,"[2, 4, 6]",,,baseline_lff,True,0,False,16,16,results/cmnist/3_digits/4miss/,,,False,4,cuda:0,True,0.5407133243606999,0.6293279022403259,0.6763819095477387,0.8669976357985798,0.30673076923076925,0.3199577613516367,1.0,0.6800422386483633,0.6932692307692307,0.013226992120867477,0.3199577613516367,0.30673076923076925,0.9586601929423711,0.0,1.0,0.3197969543147208,0.6802030456852792,0.3197969543147208,1.0,0.3197969543147208,0.0,0.0,0.0,1.0,1.0,0.0,1.0,1.0,1.0,0.0,0.0,1.0,0.0,1.0,1.0,0.0,1.0,0.0,1.0,0.0
[],0.0,True,0.0,0.0,0.0,0.0,3dig_4miss,False,False,60,1000,64,0.001,1e-08,0.5,0.0,lff,True,cmnist,1.0,0.4,0.2,,False,eight,False,0.0,False,False,True,True,False,False,1.0,2,0,1,2,"[2, 4, 6]",,,baseline_lff,True,0,False,17,17,results/cmnist/3_digits/4miss/,,,False,4,cuda:0,True,0.6598250336473755,0.9623217922606924,0.6402010050251257,0.634630053200822,0.6990384615384615,0.3247011952191235,0.9784482758620692,0.6537470806429455,0.27940981432360745,0.374337266319338,0.3318532039243905,0.7144357844798374,0.4644968954991588,0.3384615384615385,1.0,0.3286637931034483,0.6713362068965517,0.009797745358090193,0.6615384615384615,0.3286637931034483,0.9710521159874608,0.3384615384615385,0.9352941176470588,1.0,0.9525316455696202,0.047468354430379785,0.01723752792256139,0.06470588235294117,0.9525316455696202,0.981903459058042,0.9352941176470588,0.9514285714285714,0.0,0.9934640522875816,0.9934640522875816,0.04203548085901032,0.9514285714285714,0.0,0.957687969924812,0.0
[],0.0,True,0.0,0.0,0.0,0.0,3dig_4miss,False,False,60,1000,64,0.001,1e-08,0.5,0.0,lff,True,cmnist,1.0,0.4,0.2,,False,eight,False,0.0,False,False,True,True,False,False,1.0,2,0,1,2,"[2, 4, 6]",,,baseline_lff,True,0,False,18,18,results/cmnist/3_digits/4miss/,,,False,4,cuda:0,True,0.5383580080753702,0.6334012219959266,0.6668341708542713,0.8793208926817518,0.3420074349442379,0.3164426059979317,0.9967707212055974,0.6803281152076657,0.6547632862613595,0.025564828946306184,0.3174677980260028,0.3431154503922214,0.9252506631896048,0.0,1.0,0.34230355220667386,0.6576964477933261,0.34230355220667386,1.0,0.34230355220667386,0.0,0.0,0.0,1.0,0.996845425867508,0.003154574132492094,0.996845425867508,1.0,0.996845425867508,0.0,0.0,1.0,0.0,0.9967320261437908,0.9967320261437908,0.003267973856209139,1.0,0.0,0.9967320261437908,0.0
[],0.0,True,0.0,0.0,0.0,0.0,3dig_4miss,False,False,60,1000,64,0.001,1e-08,0.5,0.0,lff,True,cmnist,1.0,0.4,0.2,,False,eight,False,0.0,False,False,True,True,False,False,1.0,2,0,1,2,"[2, 4, 6]",,,baseline_lff,True,0,False,19,19,results/cmnist/3_digits/4miss/,,,False,4,cuda:0,True,0.5625841184387618,0.6771894093686355,0.6728643216080402,0.8501366758083864,0.3267429760665973,0.3285123966942149,0.99712368168744,0.6686112849932251,0.6703807056208427,0.0017694206276175906,0.3294600286077559,0.32768550388217405,0.9946138390958056,0.0,0.9834710743801652,0.348993288590604,0.6344777857895614,0.348993288590604,0.9834710743801652,0.35485872201229485,0.0,0.0,0.0,1.0,0.9972451790633609,0.0027548209366391463,0.9972451790633609,1.0,0.9972451790633609,0.0,0.0,1.0,0.02406015037593985,0.9970588235294118,0.9729986731534721,0.002941176470588225,0.9759398496240601,0.024131124270854128,0.9970588235294118,0.02406015037593985
[],0.0,True,0.0,0.0,0.0,0.0,3dig_4miss,False,False,60,1000,64,0.001,1e-08,0.5,0.0,lff,True,cmnist,1.0,0.4,0.2,,False,eight,False,0.0,False,False,True,True,False,False,1.0,2,0,1,2,"[2, 4, 6]",,,baseline_lff,True,0,False,20,20,results/cmnist/3_digits/4miss/,,,False,4,cuda:0,True,0.5703230148048453,0.6822810590631364,0.6859296482412061,0.8642772816758046,0.3302469135802469,0.3616803278688525,0.9970703125,0.6353899846311475,0.6668233989197531,0.03143341428860552,0.3627430516529921,0.33121727669556605,0.9130906165844788,0.0,1.0,0.3115234375,0.6884765625,0.3115234375,1.0,0.3115234375,0.0,0.0,0.0,1.0,0.9968553459119496,0.0031446540880503138,0.9968553459119496,1.0,0.9968553459119496,0.0,0.0,1.0,0.0,0.9971671388101984,0.9971671388101984,0.0028328611898017497,1.0,0.0,0.9971671388101984,0.0
[],0.0,True,0.0,0.0,0.0,0.0,3dig_4miss,False,False,60,1000,64,0.001,1e-08,0.5,0.0,lff,True,cmnist,1.0,0.4,0.2,,False,eight,False,0.0,False,False,True,True,False,False,1.0,2,0,1,2,"[2, 4, 6]",,,baseline_lff,True,0,False,21,21,results/cmnist/3_digits/4miss/,,,False,4,cuda:0,True,0.5417227456258412,0.6384928716904277,0.6592964824120603,0.8639539442455602,0.2948453608247423,0.3172205438066465,1.0,0.6827794561933535,0.7051546391752577,0.022375182981904274,0.3172205438066465,0.2948453608247423,0.9294648993618064,0.0,1.0,0.30921704658077304,0.6907829534192269,0.30921704658077304,1.0,0.30921704658077304,0.0,0.0,0.0,1.0,1.0,0.0,1.0,1.0,1.0,0.0,0.0,1.0,0.0,1.0,1.0,0.0,1.0,0.0,1.0,0.0
[],0.0,True,0.0,0.0,0.0,0.0,3dig_4miss,False,False,60,1000,64,0.001,1e-08,0.5,0.0,lff,True,cmnist,1.0,0.4,0.2,,False,eight,False,0.0,False,False,True,True,False,False,1.0,2,0,1,2,"[2, 4, 6]",,,baseline_lff,True,0,False,22,22,results/cmnist/3_digits/4miss/,,,False,4,cuda:0,True,0.5497981157469717,0.6690427698574338,0.6663316582914572,0.8629932705979841,0.3128834355828221,0.3286004056795132,0.9960317460317459,0.6674313403522328,0.683148310448924,0.015716970096691096,0.3299095706423798,0.3141299831349449,0.9521699613724154,0.0,1.0,0.3323412698412698,0.6676587301587302,0.3323412698412698,1.0,0.3323412698412698,0.0,0.0,0.0,1.0,0.9940298507462688,0.005970149253731294,0.9940298507462688,1.0,0.9940298507462688,0.0,0.0,1.0,0.0,0.9970282317979198,0.9970282317979198,0.0029717682020802267,1.0,0.0,0.9970282317979198,0.0
[],0.0,True,0.0,0.0,0.0,0.0,3dig_4miss,False,False,60,1000,64,0.001,1e-08,0.5,0.0,lff,True,cmnist,1.0,0.4,0.2,,False,eight,False,0.0,False,False,True,True,False,False,1.0,2,0,1,2,"[2, 4, 6]",,,baseline_lff,True,0,False,23,23,results/cmnist/3_digits/4miss/,,,False,4,cuda:0,True,0.6036339165545087,0.2983706720977597,0.9984924623115576,0.6130765997419106,0.3085210577864839,0.5672097759674134,0.9514963880288958,0.3842866120614824,0.6429753302424119,0.25868871818092953,0.5961239402520863,0.3242482700597645,0.5439276099574994,0.0,0.004073319755600814,0.3013415892672859,0.29726826951168506,0.3013415892672859,0.004073319755600814,0.01351728370951092,0.0,0.0,0.0,0.012779552715654952,0.8704819277108434,0.8577023749951884,0.8704819277108434,0.012779552715654952,0.014681008656046518,0.0,0.0,1.0,1.0,0.9952904238618524,0.004709576138147598,0.004709576138147598,0.0,0.9952904238618524,0.9952904238618524,1.0
[],0.0,True,0.0,0.0,0.0,0.0,3dig_4miss,False,False,60,1000,64,0.001,1e-08,0.5,0.0,lff,True,cmnist,1.0,0.4,0.2,,False,eight,False,0.0,False,False,True,True,False,False,1.0,2,0,1,2,"[2, 4, 6]",,,baseline_lff,True,0,False,24,24,results/cmnist/3_digits/4miss/,,,False,4,cuda:0,True,0.5524899057873486,0.654786150712831,0.6708542713567839,0.8754550046632988,0.3333333333333333,0.34934934934934936,0.9937629937629938,0.6444136444136445,0.6604296604296604,0.016016016016016044,0.3515419184875252,0.3354253835425383,0.954154727793696,0.0,1.0,0.3108108108108108,0.6891891891891893,0.3108108108108108,1.0,0.3108108108108108,0.0,0.0,0.0,1.0,1.0,0.0,1.0,1.0,1.0,0.0,0.0,1.0,0.0,0.9925149700598802,0.9925149700598802,0.0074850299401197935,1.0,0.0,0.9925149700598802,0.0
[],0.0,True,0.0,0.0,0.0,0.0,3dig_4miss,False,False,60,1000,64,0.001,1e-08,0.5,0.0,lff,True,cmnist,1.0,0.4,0.2,,False,eight,False,0.0,False,False,True,True,False,False,1.0,2,0,1,2,"[2, 4, 6]",,,baseline_lff,True,0,False,25,25,results/cmnist/3_digits/4miss/,,,False,4,cuda:0,True,0.6712651413189771,0.6344195519348269,0.8748743718592965,0.7185517175967892,0.3061023622047244,0.7355035605289929,0.9876670092497428,0.2521634487207501,0.6815646470450186,0.4294011983242685,0.7446877881318523,0.309924660171901,0.4161806667320112,0.0,0.5879959308240081,0.302158273381295,0.2858376574427132,0.302158273381295,0.5879959308240081,0.5138781708197456,0.0,0.0,0.0,0.9879879879879878,0.9639344262295082,0.02405356175847984,0.9639344262295082,0.9879879879879878,0.9756539937216602,0.0,0.0,1.0,0.6169230769230769,1.0,0.3830769230769231,0.0,0.3830769230769231,0.6169230769230769,1.0,0.6169230769230769
[],0.0,True,0.0,0.0,0.0,0.0,3dig_4miss,False,False,60,1000,64,0.001,1e-08,0.5,0.0,lff,True,cmnist,1.0,0.4,0.2,,False,eight,False,0.0,False,False,True,True,False,False,1.0,2,0,1,2,"[2, 4, 6]",,,baseline_lff,True,0,False,26,26,results/cmnist/3_digits/4miss/,,,False,4,cuda:0,True,0.3092193808882907,0.0,1.0,0.3554874197612505,0.30761316872427985,0.2868525896414343,0.3333333333333333,0.04648074369189903,0.025720164609053464,0.020760579082845558,0.8605577689243029,0.9228395061728396,0.9325107596370372,0.0,0.0,0.0,0.0,0.0,0.0,,,,0.0,0.0,0.0,0.0,0.0,0.0,,,,1.0,1.0,1.0,0.0,0.0,0.0,1.0,1.0,1.0
[],0.0,True,0.0,0.0,0.0,0.0,3dig_4miss,False,False,60,1000,64,0.001,1e-08,0.5,0.0,lff,True,cmnist,1.0,0.4,0.2,,False,eight,False,0.0,False,False,True,True,False,False,1.0,2,0,1,2,"[2, 4, 6]",,,baseline_lff,True,0,False,27,27,results/cmnist/3_digits/4miss/,,,False,4,cuda:0,True,0.6409825033647375,0.8177189409368636,0.6512562814070352,0.7366518439022786,0.6010752688172043,0.32289628180039137,0.996078431372549,0.6731821495721577,0.3950031625553447,0.2781789870168129,0.32416752700432994,0.6034417068834138,0.5371977496858031,0.15053763440860216,1.0,0.3284313725490196,0.6715686274509804,0.17789373814041745,0.8494623655913979,0.3284313725490196,0.45835339431872896,0.15053763440860216,0.4388714733542321,1.0,1.0,0.0,0.561128526645768,0.561128526645768,1.0,0.4388714733542321,0.4388714733542321,1.0,0.0,0.9970887918486172,0.9970887918486172,0.002911208151382793,1.0,0.0,0.9970887918486172,0.0
[],0.0,True,0.0,0.0,0.0,0.0,3dig_4miss,False,False,60,1000,64,0.001,1e-08,0.5,0.0,lff,True,cmnist,1.0,0.4,0.2,,False,eight,False,0.0,False,False,True,True,False,False,1.0,2,0,1,2,"[2, 4, 6]",,,baseline_lff,True,0,False,28,28,results/cmnist/3_digits/4miss/,,,False,4,cuda:0,True,0.5881561238223418,0.6680244399185336,0.6020100502512563,0.7269291765948172,0.6996904024767802,0.329557157569516,0.7267441860465116,0.3971870284769956,0.027053783569731427,0.3701332449072642,0.453470648815654,0.9627739938080496,0.4710042561723614,0.14035087719298245,0.995880535530381,0.3343023255813953,0.6615782099489858,0.19395144838841288,0.8555296583373986,0.3356851687068613,0.4198321891685736,0.14093143924962356,0.3301587301587301,1.0,0.6695402298850575,0.3304597701149425,0.3393814997263273,0.6698412698412699,0.6695402298850575,0.4931126098508073,0.3301587301587301,0.9510703363914372,0.006134969325153374,0.8362573099415205,0.8301223406163671,0.11481302644991688,0.9449353670662841,0.007336222060148441,0.8792801940542675,0.0064505947566725185
[],0.0,True,0.0,0.0,0.0,0.0,3dig_4miss,False,False,60,1000,64,0.001,1e-08,0.5,0.0,lff,True,cmnist,1.0,0.4,0.2,,False,eight,False,0.0,False,False,True,True,False,False,1.0,2,0,1,2,"[2, 4, 6]",,,baseline_lff,True,0,False,29,29,results/cmnist/3_digits/4miss/,,,False,4,cuda:0,True,0.6564602960969045,0.26883910386965376,0.9994974874371859,0.5332306730095749,0.4105691056910569,0.6398390342052314,0.9164989939637826,0.2766599597585513,0.5059298882727257,0.22926992851417444,0.6981339187705817,0.4479755115882663,0.6416756148693563,0.0,0.0,0.2665995975855131,0.2665995975855131,0.2665995975855131,0.0,0.0,0.0,,0.0,0.0,0.7674418604651163,0.7674418604651163,0.7674418604651163,0.0,0.0,0.0,,1.0,1.0,0.9984615384615385,0.0015384615384614886,0.0015384615384614886,0.0,0.9984615384615385,0.9984615384615385,1.0
